Area name,Mother tongue name,Persons
JAMMU & KASHMIR,ASSAMESE,8340
JAMMU & KASHMIR,BENGALI,19830
JAMMU & KASHMIR,BODO,508
JAMMU & KASHMIR,DOGRI,2513712
JAMMU & KASHMIR,GUJARATI,19261
JAMMU & KASHMIR,HINDI,2612631
JAMMU & KASHMIR,KANNADA,6953
JAMMU & KASHMIR,KASHMIRI,6680837
JAMMU & KASHMIR,KONKANI,79
JAMMU & KASHMIR,MAITHILI,897
JAMMU & KASHMIR,MALAYALAM,11248
JAMMU & KASHMIR,MANIPURI,2370
JAMMU & KASHMIR,MARATHI,23006
JAMMU & KASHMIR,NEPALI,22138
JAMMU & KASHMIR,ODIA,9553
JAMMU & KASHMIR,PUNJABI,219193
JAMMU & KASHMIR,SANSKRIT,30
JAMMU & KASHMIR,SANTALI,225
JAMMU & KASHMIR,SINDHI,19
JAMMU & KASHMIR,TAMIL,14728
JAMMU & KASHMIR,TELUGU,13970
JAMMU & KASHMIR,URDU,19956
JAMMU & KASHMIR,ADI,16
JAMMU & KASHMIR,AFGHANI/KABULI/PASHTO,17942
JAMMU & KASHMIR,ANAL,17
JAMMU & KASHMIR,AO,23
JAMMU & KASHMIR,ARABIC/ARBI,181
JAMMU & KASHMIR,BALTI,12399
JAMMU & KASHMIR,BHILI/BHILODI,988
JAMMU & KASHMIR,BHOTIA,107451
JAMMU & KASHMIR,BHUMIJ,1
JAMMU & KASHMIR,BISHNUPURIYA,17
JAMMU & KASHMIR,CHAKHESANG,1
JAMMU & KASHMIR,CHANG,1
JAMMU & KASHMIR,COORGI/KODAGU,10
JAMMU & KASHMIR,DEORI,1
JAMMU & KASHMIR,DIMASA,4
JAMMU & KASHMIR,ENGLISH,967
JAMMU & KASHMIR,GANGTE,24
JAMMU & KASHMIR,GARO,46
JAMMU & KASHMIR,GONDI,167
JAMMU & KASHMIR,HALAM,8
JAMMU & KASHMIR,HMAR,24
JAMMU & KASHMIR,HO,28
JAMMU & KASHMIR,KABUI,12
JAMMU & KASHMIR,KARBI/MIKIR,6
JAMMU & KASHMIR,KHANDESHI,34862
JAMMU & KASHMIR,KHARIA,14
JAMMU & KASHMIR,KHASI,1350
JAMMU & KASHMIR,KHEZHA,18
JAMMU & KASHMIR,KHIEMNUNGAN,6
JAMMU & KASHMIR,KINNAURI,237
JAMMU & KASHMIR,KISAN,1
JAMMU & KASHMIR,KODA/KORA,1
JAMMU & KASHMIR,KOM,11
JAMMU & KASHMIR,KONDA,7
JAMMU & KASHMIR,KONYAK,4
JAMMU & KASHMIR,KORKU,3
JAMMU & KASHMIR,KUKI,242
JAMMU & KASHMIR,KURUKH/ORAON,321
JAMMU & KASHMIR,LADAKHI,7638
JAMMU & KASHMIR,LAHAULI,7
JAMMU & KASHMIR,LAHNDA,6102
JAMMU & KASHMIR,LAKHER,6
JAMMU & KASHMIR,LEPCHA,2
JAMMU & KASHMIR,LIANGMEI,1
JAMMU & KASHMIR,LOTHA,29
JAMMU & KASHMIR,LUSHAI/MIZO,521
JAMMU & KASHMIR,MALTO,49
JAMMU & KASHMIR,MAO,20
JAMMU & KASHMIR,MARAM,2
JAMMU & KASHMIR,MARING,1
JAMMU & KASHMIR,MIRI/MISHING,10
JAMMU & KASHMIR,MISHMI,4
JAMMU & KASHMIR,MOGH,1
JAMMU & KASHMIR,MONPA,21
JAMMU & KASHMIR,MUNDA,136
JAMMU & KASHMIR,MUNDARI,61
JAMMU & KASHMIR,NICOBARESE,1
JAMMU & KASHMIR,NISSI/DAFLA,17
JAMMU & KASHMIR,NOCTE,7
JAMMU & KASHMIR,PAITE,26
JAMMU & KASHMIR,PHOM,12
JAMMU & KASHMIR,POCHURY,2
JAMMU & KASHMIR,RABHA,6
JAMMU & KASHMIR,RAI,1
JAMMU & KASHMIR,RENGMA,1
JAMMU & KASHMIR,SANGTAM,1
JAMMU & KASHMIR,SAVARA,2
JAMMU & KASHMIR,SEMA,15
JAMMU & KASHMIR,SHERPA,21
JAMMU & KASHMIR,SHINA,32027
JAMMU & KASHMIR,TAMANG,23
JAMMU & KASHMIR,TANGKHUL,18
JAMMU & KASHMIR,THADO,40
JAMMU & KASHMIR,TIBETAN,100499
JAMMU & KASHMIR,TRIPURI,190
JAMMU & KASHMIR,TULU,218
JAMMU & KASHMIR,VAIPHEI,12
JAMMU & KASHMIR,WANCHO,3
JAMMU & KASHMIR,YIMCHUNGRE,1
JAMMU & KASHMIR,ZEMI,2
JAMMU & KASHMIR,ZOU,9
HIMACHAL PRADESH,ASSAMESE,1049
HIMACHAL PRADESH,BENGALI,6214
HIMACHAL PRADESH,BODO,150
HIMACHAL PRADESH,DOGRI,23609
HIMACHAL PRADESH,GUJARATI,10012
HIMACHAL PRADESH,HINDI,5895529
HIMACHAL PRADESH,KANNADA,462
HIMACHAL PRADESH,KASHMIRI,57050
HIMACHAL PRADESH,KONKANI,80
HIMACHAL PRADESH,MAITHILI,4723
HIMACHAL PRADESH,MALAYALAM,1211
HIMACHAL PRADESH,MANIPURI,188
HIMACHAL PRADESH,MARATHI,3438
HIMACHAL PRADESH,NEPALI,89508
HIMACHAL PRADESH,ODIA,3219
HIMACHAL PRADESH,PUNJABI,615022
HIMACHAL PRADESH,SANSKRIT,936
HIMACHAL PRADESH,SANTALI,847
HIMACHAL PRADESH,SINDHI,62
HIMACHAL PRADESH,TAMIL,1038
HIMACHAL PRADESH,TELUGU,1383
HIMACHAL PRADESH,URDU,5320
HIMACHAL PRADESH,ADI,107
HIMACHAL PRADESH,AFGHANI/KABULI/PASHTO,176
HIMACHAL PRADESH,ANAL,17
HIMACHAL PRADESH,ANGAMI,12
HIMACHAL PRADESH,AO,28
HIMACHAL PRADESH,ARABIC/ARBI,307
HIMACHAL PRADESH,BALTI,21
HIMACHAL PRADESH,BHILI/BHILODI,106
HIMACHAL PRADESH,BHOTIA,2012
HIMACHAL PRADESH,BISHNUPURIYA,15
HIMACHAL PRADESH,CHAKHESANG,1
HIMACHAL PRADESH,CHANG,12
HIMACHAL PRADESH,COORGI/KODAGU,53
HIMACHAL PRADESH,ENGLISH,1043
HIMACHAL PRADESH,GANGTE,2
HIMACHAL PRADESH,GARO,21
HIMACHAL PRADESH,GONDI,9
HIMACHAL PRADESH,HALABI,1
HIMACHAL PRADESH,HALAM,380
HIMACHAL PRADESH,HO,167
HIMACHAL PRADESH,KABUI,5
HIMACHAL PRADESH,KHANDESHI,3498
HIMACHAL PRADESH,KHARIA,43
HIMACHAL PRADESH,KHASI,15
HIMACHAL PRADESH,KHEZHA,5
HIMACHAL PRADESH,KHIEMNUNGAN,1
HIMACHAL PRADESH,KHOND/KONDH,1
HIMACHAL PRADESH,KINNAURI,82712
HIMACHAL PRADESH,KISAN,32
HIMACHAL PRADESH,KOCH,1
HIMACHAL PRADESH,KODA/KORA,1
HIMACHAL PRADESH,KOM,2
HIMACHAL PRADESH,KONDA,19
HIMACHAL PRADESH,KONYAK,3
HIMACHAL PRADESH,KORKU,115
HIMACHAL PRADESH,KORWA,23
HIMACHAL PRADESH,KUKI,73
HIMACHAL PRADESH,KURUKH/ORAON,2277
HIMACHAL PRADESH,LADAKHI,1196
HIMACHAL PRADESH,LAHAULI,11073
HIMACHAL PRADESH,LAHNDA,109
HIMACHAL PRADESH,LAKHER,10
HIMACHAL PRADESH,LEPCHA,2
HIMACHAL PRADESH,LIMBU,7
HIMACHAL PRADESH,LOTHA,16
HIMACHAL PRADESH,LUSHAI/MIZO,197
HIMACHAL PRADESH,MAO,15
HIMACHAL PRADESH,MIRI/MISHING,3
HIMACHAL PRADESH,MOGH,8
HIMACHAL PRADESH,MONPA,94
HIMACHAL PRADESH,MUNDA,505
HIMACHAL PRADESH,MUNDARI,684
HIMACHAL PRADESH,NISSI/DAFLA,16
HIMACHAL PRADESH,PAITE,18
HIMACHAL PRADESH,PARJI,3
HIMACHAL PRADESH,RAI,8
HIMACHAL PRADESH,RENGMA,2
HIMACHAL PRADESH,SAVARA,1
HIMACHAL PRADESH,SEMA,4
HIMACHAL PRADESH,SHERPA,565
HIMACHAL PRADESH,SHINA,48
HIMACHAL PRADESH,TAMANG,584
HIMACHAL PRADESH,TANGKHUL,21
HIMACHAL PRADESH,THADO,3
HIMACHAL PRADESH,TIBETAN,21322
HIMACHAL PRADESH,TRIPURI,18
HIMACHAL PRADESH,TULU,22
HIMACHAL PRADESH,ZELIANG,1
HIMACHAL PRADESH,ZOU,4
PUNJAB,ASSAMESE,4090
PUNJAB,BENGALI,27030
PUNJAB,BODO,243
PUNJAB,DOGRI,18155
PUNJAB,GUJARATI,13531
PUNJAB,HINDI,2594831
PUNJAB,KANNADA,3899
PUNJAB,KASHMIRI,2913
PUNJAB,KONKANI,165
PUNJAB,MAITHILI,9054
PUNJAB,MALAYALAM,9734
PUNJAB,MANIPURI,901
PUNJAB,MARATHI,20392
PUNJAB,NEPALI,22061
PUNJAB,ODIA,9969
PUNJAB,PUNJABI,24917885
PUNJAB,SANSKRIT,210
PUNJAB,SANTALI,233
PUNJAB,SINDHI,754
PUNJAB,TAMIL,10389
PUNJAB,TELUGU,9523
PUNJAB,URDU,27387
PUNJAB,ADI,30
PUNJAB,AFGHANI/KABULI/PASHTO,160
PUNJAB,ANAL,18
PUNJAB,ANGAMI,5
PUNJAB,AO,11
PUNJAB,ARABIC/ARBI,1115
PUNJAB,BALTI,4
PUNJAB,BHILI/BHILODI,1920
PUNJAB,BHOTIA,18
PUNJAB,BHUMIJ,6
PUNJAB,BISHNUPURIYA,30
PUNJAB,CHAKHESANG,2
PUNJAB,COORGI/KODAGU,9
PUNJAB,DIMASA,21
PUNJAB,ENGLISH,1888
PUNJAB,GADABA,1
PUNJAB,GANGTE,4
PUNJAB,GARO,35
PUNJAB,GONDI,13
PUNJAB,HALABI,1
PUNJAB,HALAM,6
PUNJAB,HMAR,37
PUNJAB,HO,26
PUNJAB,KABUI,1
PUNJAB,KHANDESHI,1137
PUNJAB,KHARIA,95
PUNJAB,KHASI,84
PUNJAB,KHEZHA,4
PUNJAB,KINNAURI,46
PUNJAB,KISAN,6
PUNJAB,KOCH,1
PUNJAB,KODA/KORA,2
PUNJAB,KOM,9
PUNJAB,KONYAK,8
PUNJAB,KORWA,27
PUNJAB,KUKI,231
PUNJAB,KURUKH/ORAON,195
PUNJAB,LADAKHI,99
PUNJAB,LAHAULI,1
PUNJAB,LAHNDA,24642
PUNJAB,LAKHER,1
PUNJAB,LEPCHA,2
PUNJAB,LIMBU,5
PUNJAB,LOTHA,14
PUNJAB,LUSHAI/MIZO,472
PUNJAB,MAO,1
PUNJAB,MARAM,1
PUNJAB,MIRI/MISHING,1
PUNJAB,MISHMI,1
PUNJAB,MOGH,5
PUNJAB,MONPA,4
PUNJAB,MUNDA,260
PUNJAB,MUNDARI,548
PUNJAB,NISSI/DAFLA,533
PUNJAB,NOCTE,14
PUNJAB,PAITE,27
PUNJAB,POCHURY,4
PUNJAB,RABHA,5
PUNJAB,RENGMA,1
PUNJAB,SAVARA,7
PUNJAB,SEMA,4
PUNJAB,SHINA,4
PUNJAB,TANGKHUL,18
PUNJAB,THADO,17
PUNJAB,TIBETAN,436
PUNJAB,TRIPURI,95
PUNJAB,TULU,4
PUNJAB,VAIPHEI,4
PUNJAB,WANCHO,5
PUNJAB,YIMCHUNGRE,6
PUNJAB,ZEMI,1
PUNJAB,ZOU,17
CHANDIGARH,ASSAMESE,435
CHANDIGARH,BENGALI,6236
CHANDIGARH,BODO,6
CHANDIGARH,DOGRI,1047
CHANDIGARH,GUJARATI,1573
CHANDIGARH,HINDI,776775
CHANDIGARH,KANNADA,425
CHANDIGARH,KASHMIRI,1330
CHANDIGARH,KONKANI,86
CHANDIGARH,MAITHILI,3164
CHANDIGARH,MALAYALAM,1979
CHANDIGARH,MANIPURI,460
CHANDIGARH,MARATHI,1252
CHANDIGARH,NEPALI,6546
CHANDIGARH,ODIA,1942
CHANDIGARH,PUNJABI,232516
CHANDIGARH,SANSKRIT,13
CHANDIGARH,SANTALI,42
CHANDIGARH,SINDHI,134
CHANDIGARH,TAMIL,5579
CHANDIGARH,TELUGU,1339
CHANDIGARH,URDU,10595
CHANDIGARH,ADI,2
CHANDIGARH,AFGHANI/KABULI/PASHTO,20
CHANDIGARH,ANGAMI,2
CHANDIGARH,AO,4
CHANDIGARH,ARABIC/ARBI,47
CHANDIGARH,BALTI,2
CHANDIGARH,BHILI/BHILODI,2
CHANDIGARH,BHOTIA,54
CHANDIGARH,BISHNUPURIYA,4
CHANDIGARH,COORGI/KODAGU,6
CHANDIGARH,ENGLISH,436
CHANDIGARH,GONDI,3
CHANDIGARH,HMAR,3
CHANDIGARH,KABUI,10
CHANDIGARH,KHANDESHI,1
CHANDIGARH,KHARIA,4
CHANDIGARH,KHASI,12
CHANDIGARH,KINNAURI,56
CHANDIGARH,KONDA,4
CHANDIGARH,KORWA,1
CHANDIGARH,KURUKH/ORAON,39
CHANDIGARH,LADAKHI,269
CHANDIGARH,LAHAULI,23
CHANDIGARH,LAHNDA,97
CHANDIGARH,LEPCHA,8
CHANDIGARH,LOTHA,1
CHANDIGARH,LUSHAI/MIZO,22
CHANDIGARH,MALTO,2
CHANDIGARH,MAO,2
CHANDIGARH,MUNDA,63
CHANDIGARH,MUNDARI,45
CHANDIGARH,NICOBARESE,12
CHANDIGARH,SAVARA,3
CHANDIGARH,TAMANG,4
CHANDIGARH,TANGKHUL,7
CHANDIGARH,TIBETAN,40
CHANDIGARH,TRIPURI,11
CHANDIGARH,TULU,8
CHANDIGARH,ZOU,4
UTTARAKHAND,ASSAMESE,1656
UTTARAKHAND,BENGALI,150933
UTTARAKHAND,BODO,51
UTTARAKHAND,DOGRI,4925
UTTARAKHAND,GUJARATI,3921
UTTARAKHAND,HINDI,8992114
UTTARAKHAND,KANNADA,1233
UTTARAKHAND,KASHMIRI,1770
UTTARAKHAND,KONKANI,84
UTTARAKHAND,MAITHILI,54553
UTTARAKHAND,MALAYALAM,3168
UTTARAKHAND,MANIPURI,490
UTTARAKHAND,MARATHI,6028
UTTARAKHAND,NEPALI,106399
UTTARAKHAND,ODIA,3630
UTTARAKHAND,PUNJABI,263310
UTTARAKHAND,SANSKRIT,386
UTTARAKHAND,SANTALI,426
UTTARAKHAND,SINDHI,2863
UTTARAKHAND,TAMIL,2584
UTTARAKHAND,TELUGU,3185
UTTARAKHAND,URDU,425752
UTTARAKHAND,ADI,80
UTTARAKHAND,AFGHANI/KABULI/PASHTO,90
UTTARAKHAND,ANAL,74
UTTARAKHAND,ANGAMI,29
UTTARAKHAND,AO,53
UTTARAKHAND,ARABIC/ARBI,339
UTTARAKHAND,BALTI,1173
UTTARAKHAND,BHILI/BHILODI,2001
UTTARAKHAND,BHOTIA,9287
UTTARAKHAND,BHUMIJ,1
UTTARAKHAND,BISHNUPURIYA,3
UTTARAKHAND,CHAKHESANG,2
UTTARAKHAND,CHAKRU/CHOKRI,2
UTTARAKHAND,CHANG,6
UTTARAKHAND,COORGI/KODAGU,9
UTTARAKHAND,DIMASA,9
UTTARAKHAND,ENGLISH,1385
UTTARAKHAND,GANGTE,7
UTTARAKHAND,GARO,30
UTTARAKHAND,GONDI,22
UTTARAKHAND,HALABI,3
UTTARAKHAND,HALAM,6001
UTTARAKHAND,HMAR,7
UTTARAKHAND,HO,34
UTTARAKHAND,KABUI,39
UTTARAKHAND,KARBI/MIKIR,3
UTTARAKHAND,KHANDESHI,9470
UTTARAKHAND,KHARIA,51
UTTARAKHAND,KHASI,18
UTTARAKHAND,KHEZHA,2
UTTARAKHAND,KHOND/KONDH,1
UTTARAKHAND,KINNAURI,251
UTTARAKHAND,KODA/KORA,4
UTTARAKHAND,KOM,15
UTTARAKHAND,KONDA,1
UTTARAKHAND,KONYAK,10
UTTARAKHAND,KUKI,2
UTTARAKHAND,KURUKH/ORAON,696
UTTARAKHAND,LADAKHI,264
UTTARAKHAND,LAHNDA,742
UTTARAKHAND,LAKHER,10
UTTARAKHAND,LEPCHA,147
UTTARAKHAND,LIMBU,5
UTTARAKHAND,LOTHA,21
UTTARAKHAND,LUSHAI/MIZO,118
UTTARAKHAND,MAO,39
UTTARAKHAND,MARAM,2
UTTARAKHAND,MARING,9
UTTARAKHAND,MIRI/MISHING,2
UTTARAKHAND,MISHMI,22
UTTARAKHAND,MOGH,3
UTTARAKHAND,MONPA,37
UTTARAKHAND,MUNDA,849
UTTARAKHAND,MUNDARI,92
UTTARAKHAND,NISSI/DAFLA,7553
UTTARAKHAND,PAITE,13
UTTARAKHAND,PARJI,3
UTTARAKHAND,PHOM,1
UTTARAKHAND,POCHURY,9
UTTARAKHAND,RABHA,2
UTTARAKHAND,RAI,268
UTTARAKHAND,RENGMA,503
UTTARAKHAND,SANGTAM,11
UTTARAKHAND,SAVARA,3
UTTARAKHAND,SEMA,7
UTTARAKHAND,SHINA,7
UTTARAKHAND,TAMANG,19
UTTARAKHAND,TANGKHUL,55
UTTARAKHAND,TANGSA,7
UTTARAKHAND,THADO,19
UTTARAKHAND,TIBETAN,10162
UTTARAKHAND,TRIPURI,33
UTTARAKHAND,TULU,12
UTTARAKHAND,WANCHO,1
UTTARAKHAND,YIMCHUNGRE,2
UTTARAKHAND,ZEMI,5
UTTARAKHAND,ZOU,3
HARYANA,ASSAMESE,4204
HARYANA,BENGALI,70948
HARYANA,BODO,92
HARYANA,DOGRI,3129
HARYANA,GUJARATI,7519
HARYANA,HINDI,22322157
HARYANA,KANNADA,3172
HARYANA,KASHMIRI,6225
HARYANA,KONKANI,432
HARYANA,MAITHILI,25685
HARYANA,MALAYALAM,14518
HARYANA,MANIPURI,563
HARYANA,MARATHI,12806
HARYANA,NEPALI,19914
HARYANA,ODIA,14835
HARYANA,PUNJABI,2400883
HARYANA,SANSKRIT,490
HARYANA,SANTALI,222
HARYANA,SINDHI,1658
HARYANA,TAMIL,12658
HARYANA,TELUGU,9831
HARYANA,URDU,374353
HARYANA,ADI,1023
HARYANA,AFGHANI/KABULI/PASHTO,218
HARYANA,ANGAMI,7
HARYANA,ARABIC/ARBI,491
HARYANA,BALTI,24
HARYANA,BHILI/BHILODI,1121
HARYANA,BHOTIA,61
HARYANA,BHUMIJ,1
HARYANA,BISHNUPURIYA,6
HARYANA,CHANG,1
HARYANA,COORGI/KODAGU,31
HARYANA,DIMASA,4
HARYANA,ENGLISH,3852
HARYANA,GADABA,4
HARYANA,GANGTE,1
HARYANA,GARO,19
HARYANA,GONDI,50
HARYANA,HALAM,5
HARYANA,HMAR,5
HARYANA,HO,52
HARYANA,KABUI,6
HARYANA,KARBI/MIKIR,2
HARYANA,KHANDESHI,62
HARYANA,KHARIA,216
HARYANA,KHASI,21
HARYANA,KHEZHA,25
HARYANA,KINNAURI,23
HARYANA,KISAN,1
HARYANA,KODA/KORA,4
HARYANA,KONYAK,2
HARYANA,KORWA,8
HARYANA,KUKI,21
HARYANA,KURUKH/ORAON,539
HARYANA,LADAKHI,908
HARYANA,LAHAULI,24
HARYANA,LAHNDA,29892
HARYANA,LAKHER,2
HARYANA,LEPCHA,4
HARYANA,LOTHA,3
HARYANA,LUSHAI/MIZO,95
HARYANA,MAO,1
HARYANA,MIRI/MISHING,3
HARYANA,MOGH,13
HARYANA,MONPA,11
HARYANA,MUNDA,1626
HARYANA,MUNDARI,280
HARYANA,NISSI/DAFLA,252
HARYANA,NOCTE,2
HARYANA,PAITE,12
HARYANA,RABHA,1
HARYANA,RENGMA,3
HARYANA,SAVARA,25
HARYANA,SEMA,3
HARYANA,SHERPA,2
HARYANA,SHINA,10
HARYANA,TAMANG,6
HARYANA,TANGKHUL,18
HARYANA,TANGSA,3
HARYANA,THADO,25
HARYANA,TIBETAN,329
HARYANA,TRIPURI,59
HARYANA,TULU,64
HARYANA,VAIPHEI,1
HARYANA,WANCHO,2
HARYANA,YIMCHUNGRE,1
HARYANA,ZOU,3
NCT OF DELHI,ASSAMESE,8573
NCT OF DELHI,BENGALI,215960
NCT OF DELHI,BODO,293
NCT OF DELHI,DOGRI,6350
NCT OF DELHI,GUJARATI,40613
NCT OF DELHI,HINDI,14255526
NCT OF DELHI,KANNADA,10012
NCT OF DELHI,KASHMIRI,18122
NCT OF DELHI,KONKANI,1553
NCT OF DELHI,MAITHILI,122956
NCT OF DELHI,MALAYALAM,88662
NCT OF DELHI,MANIPURI,3892
NCT OF DELHI,MARATHI,27239
NCT OF DELHI,NEPALI,37468
NCT OF DELHI,ODIA,37645
NCT OF DELHI,PUNJABI,873477
NCT OF DELHI,SANSKRIT,648
NCT OF DELHI,SANTALI,521
NCT OF DELHI,SINDHI,31177
NCT OF DELHI,TAMIL,82719
NCT OF DELHI,TELUGU,25934
NCT OF DELHI,URDU,867673
NCT OF DELHI,ADI,32
NCT OF DELHI,AFGHANI/KABULI/PASHTO,1768
NCT OF DELHI,ANAL,42
NCT OF DELHI,ANGAMI,79
NCT OF DELHI,AO,100
NCT OF DELHI,ARABIC/ARBI,696
NCT OF DELHI,BHILI/BHILODI,304
NCT OF DELHI,BHOTIA,372
NCT OF DELHI,BHUMIJ,9
NCT OF DELHI,BISHNUPURIYA,25
NCT OF DELHI,CHAKHESANG,6
NCT OF DELHI,CHAKRU/CHOKRI,4
NCT OF DELHI,CHANG,10
NCT OF DELHI,COORGI/KODAGU,59
NCT OF DELHI,DEORI,5
NCT OF DELHI,DIMASA,17
NCT OF DELHI,ENGLISH,6236
NCT OF DELHI,GANGTE,83
NCT OF DELHI,GARO,92
NCT OF DELHI,GONDI,147
NCT OF DELHI,HALABI,60
NCT OF DELHI,HALAM,28
NCT OF DELHI,HMAR,197
NCT OF DELHI,HO,70
NCT OF DELHI,JATAPU,2
NCT OF DELHI,KABUI,157
NCT OF DELHI,KARBI/MIKIR,10
NCT OF DELHI,KHANDESHI,178
NCT OF DELHI,KHARIA,430
NCT OF DELHI,KHASI,202
NCT OF DELHI,KHEZHA,21
NCT OF DELHI,KHIEMNUNGAN,3
NCT OF DELHI,KHOND/KONDH,11
NCT OF DELHI,KINNAURI,41
NCT OF DELHI,KODA/KORA,3
NCT OF DELHI,KOM,11
NCT OF DELHI,KONDA,4
NCT OF DELHI,KONYAK,6
NCT OF DELHI,KORWA,8
NCT OF DELHI,KUKI,296
NCT OF DELHI,KURUKH/ORAON,2753
NCT OF DELHI,LADAKHI,371
NCT OF DELHI,LAHAULI,16
NCT OF DELHI,LAHNDA,4070
NCT OF DELHI,LAKHER,21
NCT OF DELHI,LEPCHA,33
NCT OF DELHI,LIANGMEI,46
NCT OF DELHI,LIMBU,6
NCT OF DELHI,LOTHA,43
NCT OF DELHI,LUSHAI/MIZO,715
NCT OF DELHI,MAO,176
NCT OF DELHI,MARAM,8
NCT OF DELHI,MARING,16
NCT OF DELHI,MIRI/MISHING,8
NCT OF DELHI,MISHMI,7
NCT OF DELHI,MOGH,24
NCT OF DELHI,MONPA,22
NCT OF DELHI,MUNDA,783
NCT OF DELHI,MUNDARI,330
NCT OF DELHI,NISSI/DAFLA,76
NCT OF DELHI,NOCTE,10
NCT OF DELHI,PAITE,496
NCT OF DELHI,PARJI,1
NCT OF DELHI,PHOM,4
NCT OF DELHI,POCHURY,2
NCT OF DELHI,RABHA,8
NCT OF DELHI,RAI,1
NCT OF DELHI,RENGMA,10
NCT OF DELHI,SANGTAM,1
NCT OF DELHI,SAVARA,49
NCT OF DELHI,SEMA,16
NCT OF DELHI,SHERPA,17
NCT OF DELHI,SHINA,4
NCT OF DELHI,TAMANG,33
NCT OF DELHI,TANGKHUL,310
NCT OF DELHI,TANGSA,4
NCT OF DELHI,THADO,165
NCT OF DELHI,TIBETAN,1900
NCT OF DELHI,TRIPURI,58
NCT OF DELHI,TULU,209
NCT OF DELHI,VAIPHEI,90
NCT OF DELHI,WANCHO,9
NCT OF DELHI,YIMCHUNGRE,13
NCT OF DELHI,ZELIANG,1
NCT OF DELHI,ZEMI,15
NCT OF DELHI,ZOU,54
RAJASTHAN,ASSAMESE,2877
RAJASTHAN,BENGALI,81658
RAJASTHAN,BODO,106
RAJASTHAN,DOGRI,5120
RAJASTHAN,GUJARATI,67490
RAJASTHAN,HINDI,61274274
RAJASTHAN,KANNADA,5931
RAJASTHAN,KASHMIRI,4164
RAJASTHAN,KONKANI,255
RAJASTHAN,MAITHILI,11666
RAJASTHAN,MALAYALAM,24439
RAJASTHAN,MANIPURI,2168
RAJASTHAN,MARATHI,23240
RAJASTHAN,NEPALI,7636
RAJASTHAN,ODIA,17047
RAJASTHAN,PUNJABI,2274342
RAJASTHAN,SANSKRIT,2375
RAJASTHAN,SANTALI,258
RAJASTHAN,SINDHI,386569
RAJASTHAN,TAMIL,8939
RAJASTHAN,TELUGU,8350
RAJASTHAN,URDU,664915
RAJASTHAN,ADI,892
RAJASTHAN,AFGHANI/KABULI/PASHTO,174
RAJASTHAN,ANAL,7
RAJASTHAN,ANGAMI,3
RAJASTHAN,AO,9
RAJASTHAN,ARABIC/ARBI,891
RAJASTHAN,BALTI,10
RAJASTHAN,BHILI/BHILODI,3592208
RAJASTHAN,BHOTIA,33
RAJASTHAN,BHUMIJ,7
RAJASTHAN,CHAKHESANG,1
RAJASTHAN,CHAKRU/CHOKRI,57
RAJASTHAN,CHANG,4
RAJASTHAN,COORGI/KODAGU,3
RAJASTHAN,DEORI,8
RAJASTHAN,DIMASA,3
RAJASTHAN,ENGLISH,13202
RAJASTHAN,GADABA,9
RAJASTHAN,GANGTE,6
RAJASTHAN,GARO,26
RAJASTHAN,GONDI,1712
RAJASTHAN,HALABI,5
RAJASTHAN,HALAM,92
RAJASTHAN,HMAR,2
RAJASTHAN,HO,713
RAJASTHAN,JATAPU,2
RAJASTHAN,KABUI,15
RAJASTHAN,KARBI/MIKIR,3
RAJASTHAN,KHANDESHI,153
RAJASTHAN,KHARIA,77
RAJASTHAN,KHASI,65
RAJASTHAN,KHEZHA,5
RAJASTHAN,KHIEMNUNGAN,10
RAJASTHAN,KHOND/KONDH,1
RAJASTHAN,KINNAURI,16
RAJASTHAN,KOCH,1
RAJASTHAN,KOM,7
RAJASTHAN,KORKU,46
RAJASTHAN,KORWA,23
RAJASTHAN,KUKI,61
RAJASTHAN,KURUKH/ORAON,251
RAJASTHAN,LADAKHI,33
RAJASTHAN,LAHNDA,15882
RAJASTHAN,LAKHER,92
RAJASTHAN,LEPCHA,1
RAJASTHAN,LIMBU,6
RAJASTHAN,LOTHA,7
RAJASTHAN,LUSHAI/MIZO,185
RAJASTHAN,MAO,295
RAJASTHAN,MARAM,3
RAJASTHAN,MIRI/MISHING,3
RAJASTHAN,MISHMI,17
RAJASTHAN,MOGH,2
RAJASTHAN,MONPA,2
RAJASTHAN,MUNDA,2767
RAJASTHAN,MUNDARI,121
RAJASTHAN,NISSI/DAFLA,59
RAJASTHAN,NOCTE,5
RAJASTHAN,PAITE,7
RAJASTHAN,PARJI,1
RAJASTHAN,RABHA,634
RAJASTHAN,RAI,176
RAJASTHAN,SANGTAM,1
RAJASTHAN,SAVARA,36
RAJASTHAN,SHINA,4
RAJASTHAN,TAMANG,3
RAJASTHAN,TANGKHUL,15
RAJASTHAN,TANGSA,1
RAJASTHAN,THADO,9
RAJASTHAN,TIBETAN,38
RAJASTHAN,TRIPURI,169
RAJASTHAN,TULU,119
RAJASTHAN,VAIPHEI,2
RAJASTHAN,WANCHO,1
RAJASTHAN,YIMCHUNGRE,1
RAJASTHAN,ZOU,4
UTTAR PRADESH,ASSAMESE,10356
UTTAR PRADESH,BENGALI,241007
UTTAR PRADESH,BODO,226
UTTAR PRADESH,DOGRI,2695
UTTAR PRADESH,GUJARATI,15442
UTTAR PRADESH,HINDI,187979055
UTTAR PRADESH,KANNADA,6435
UTTAR PRADESH,KASHMIRI,6123
UTTAR PRADESH,KONKANI,335
UTTAR PRADESH,MAITHILI,24831
UTTAR PRADESH,MALAYALAM,24450
UTTAR PRADESH,MANIPURI,1204
UTTAR PRADESH,MARATHI,24280
UTTAR PRADESH,NEPALI,18743
UTTAR PRADESH,ODIA,24729
UTTAR PRADESH,PUNJABI,508736
UTTAR PRADESH,SANSKRIT,3062
UTTAR PRADESH,SANTALI,858
UTTAR PRADESH,SINDHI,28952
UTTAR PRADESH,TAMIL,14444
UTTAR PRADESH,TELUGU,13977
UTTAR PRADESH,URDU,10820232
UTTAR PRADESH,ADI,75
UTTAR PRADESH,AFGHANI/KABULI/PASHTO,171
UTTAR PRADESH,ANAL,9
UTTAR PRADESH,ANGAMI,14
UTTAR PRADESH,AO,24
UTTAR PRADESH,ARABIC/ARBI,7693
UTTAR PRADESH,BALTI,3
UTTAR PRADESH,BHILI/BHILODI,1283
UTTAR PRADESH,BHOTIA,276
UTTAR PRADESH,BHUMIJ,55
UTTAR PRADESH,BISHNUPURIYA,10
UTTAR PRADESH,CHANG,2
UTTAR PRADESH,COORGI/KODAGU,18
UTTAR PRADESH,DIMASA,26
UTTAR PRADESH,ENGLISH,13085
UTTAR PRADESH,GADABA,5
UTTAR PRADESH,GANGTE,9
UTTAR PRADESH,GARO,27
UTTAR PRADESH,GONDI,5768
UTTAR PRADESH,HALABI,35
UTTAR PRADESH,HO,102
UTTAR PRADESH,KABUI,12
UTTAR PRADESH,KARBI/MIKIR,4
UTTAR PRADESH,KHANDESHI,475
UTTAR PRADESH,KHARIA,185
UTTAR PRADESH,KHASI,50
UTTAR PRADESH,KHEZHA,2
UTTAR PRADESH,KHOND/KONDH,8
UTTAR PRADESH,KINNAURI,14
UTTAR PRADESH,KISAN,4
UTTAR PRADESH,KOCH,2
UTTAR PRADESH,KOLAMI,1
UTTAR PRADESH,KOM,1
UTTAR PRADESH,KONDA,20
UTTAR PRADESH,KORKU,2
UTTAR PRADESH,KORWA,17
UTTAR PRADESH,KUKI,153
UTTAR PRADESH,KURUKH/ORAON,4495
UTTAR PRADESH,LADAKHI,79
UTTAR PRADESH,LAHAULI,2
UTTAR PRADESH,LAHNDA,1000
UTTAR PRADESH,LAKHER,12
UTTAR PRADESH,LEPCHA,7
UTTAR PRADESH,LIMBU,5
UTTAR PRADESH,LOTHA,27
UTTAR PRADESH,LUSHAI/MIZO,228
UTTAR PRADESH,MALTO,2
UTTAR PRADESH,MAO,17
UTTAR PRADESH,MIRI/MISHING,6
UTTAR PRADESH,MISHMI,274
UTTAR PRADESH,MOGH,3
UTTAR PRADESH,MONPA,7
UTTAR PRADESH,MUNDA,1415
UTTAR PRADESH,MUNDARI,277
UTTAR PRADESH,NISSI/DAFLA,47
UTTAR PRADESH,NOCTE,1
UTTAR PRADESH,PAITE,9
UTTAR PRADESH,PARJI,21
UTTAR PRADESH,PHOM,2
UTTAR PRADESH,POCHURY,1
UTTAR PRADESH,RABHA,3
UTTAR PRADESH,RAI,12
UTTAR PRADESH,RENGMA,1
UTTAR PRADESH,SAVARA,13
UTTAR PRADESH,SEMA,15
UTTAR PRADESH,SHERPA,7
UTTAR PRADESH,SHINA,11
UTTAR PRADESH,TANGKHUL,13
UTTAR PRADESH,TANGSA,1
UTTAR PRADESH,THADO,197
UTTAR PRADESH,TIBETAN,315
UTTAR PRADESH,TRIPURI,63
UTTAR PRADESH,TULU,102
UTTAR PRADESH,VAIPHEI,2
UTTAR PRADESH,WANCHO,11
UTTAR PRADESH,YIMCHUNGRE,7
UTTAR PRADESH,ZEMI,3
UTTAR PRADESH,ZOU,8
BIHAR,ASSAMESE,2087
BIHAR,BENGALI,810771
BIHAR,BODO,19
BIHAR,DOGRI,254
BIHAR,GUJARATI,8297
BIHAR,HINDI,80698466
BIHAR,KANNADA,492
BIHAR,KASHMIRI,986
BIHAR,KONKANI,23
BIHAR,MAITHILI,13063042
BIHAR,MALAYALAM,1220
BIHAR,MANIPURI,238
BIHAR,MARATHI,1975
BIHAR,NEPALI,5727
BIHAR,ODIA,3188
BIHAR,PUNJABI,10467
BIHAR,SANSKRIT,3388
BIHAR,SANTALI,458949
BIHAR,SINDHI,2227
BIHAR,TAMIL,986
BIHAR,TELUGU,1467
BIHAR,URDU,8770002
BIHAR,ADI,44
BIHAR,AFGHANI/KABULI/PASHTO,5
BIHAR,ANAL,1
BIHAR,ANGAMI,2
BIHAR,ARABIC/ARBI,25144
BIHAR,BALTI,108
BIHAR,BHILI/BHILODI,1448
BIHAR,BHOTIA,15
BIHAR,BHUMIJ,963
BIHAR,BISHNUPURIYA,1616
BIHAR,CHANG,123
BIHAR,COORGI/KODAGU,489
BIHAR,DIMASA,2
BIHAR,ENGLISH,4652
BIHAR,GADABA,1
BIHAR,GARO,4
BIHAR,GONDI,21
BIHAR,HALABI,1
BIHAR,HALAM,2
BIHAR,HO,1890
BIHAR,JATAPU,5
BIHAR,KABUI,2
BIHAR,KHANDESHI,4
BIHAR,KHARIA,1600
BIHAR,KHASI,1
BIHAR,KHEZHA,237
BIHAR,KHOND/KONDH,6
BIHAR,KINNAURI,4
BIHAR,KOCH,73
BIHAR,KODA/KORA,468
BIHAR,KONDA,3
BIHAR,KONYAK,2
BIHAR,KORKU,98
BIHAR,KORWA,31
BIHAR,KUKI,7
BIHAR,KURUKH/ORAON,87995
BIHAR,LADAKHI,25
BIHAR,LAHAULI,26
BIHAR,LAHNDA,1
BIHAR,LAKHER,10
BIHAR,LEPCHA,1
BIHAR,LIMBU,2
BIHAR,LOTHA,1
BIHAR,LUSHAI/MIZO,92
BIHAR,MALTO,75986
BIHAR,MAO,3
BIHAR,MIRI/MISHING,4
BIHAR,MISHMI,6
BIHAR,MOGH,6
BIHAR,MONPA,1
BIHAR,MUNDA,1612
BIHAR,MUNDARI,2468
BIHAR,NISSI/DAFLA,14
BIHAR,NOCTE,1
BIHAR,PAITE,1
BIHAR,RABHA,2
BIHAR,RAI,159
BIHAR,SAVARA,125
BIHAR,TANGKHUL,5
BIHAR,TANGSA,3
BIHAR,THADO,6
BIHAR,TIBETAN,20
BIHAR,TRIPURI,7
BIHAR,TULU,434
BIHAR,YIMCHUNGRE,1
SIKKIM,ASSAMESE,848
SIKKIM,BENGALI,6986
SIKKIM,BODO,65
SIKKIM,DOGRI,261
SIKKIM,GUJARATI,197
SIKKIM,HINDI,48586
SIKKIM,KANNADA,367
SIKKIM,KASHMIRI,30
SIKKIM,KONKANI,27
SIKKIM,MAITHILI,596
SIKKIM,MALAYALAM,899
SIKKIM,MANIPURI,383
SIKKIM,MARATHI,1138
SIKKIM,NEPALI,382200
SIKKIM,ODIA,985
SIKKIM,PUNJABI,1954
SIKKIM,SANTALI,310
SIKKIM,SINDHI,2
SIKKIM,TAMIL,762
SIKKIM,TELUGU,1035
SIKKIM,URDU,2001
SIKKIM,ADI,9
SIKKIM,ANGAMI,16
SIKKIM,AO,5
SIKKIM,ARABIC/ARBI,9
SIKKIM,BHOTIA,41889
SIKKIM,BISHNUPURIYA,8
SIKKIM,CHANG,6
SIKKIM,DIMASA,1
SIKKIM,ENGLISH,112
SIKKIM,GANGTE,1
SIKKIM,GARO,15
SIKKIM,GONDI,203
SIKKIM,HMAR,3
SIKKIM,KABUI,10
SIKKIM,KARBI/MIKIR,8
SIKKIM,KHANDESHI,1
SIKKIM,KHARIA,16
SIKKIM,KHASI,50
SIKKIM,KHEZHA,1
SIKKIM,KINNAURI,2
SIKKIM,KODA/KORA,33
SIKKIM,KORWA,1
SIKKIM,KUKI,4
SIKKIM,KURUKH/ORAON,85
SIKKIM,LADAKHI,80
SIKKIM,LALUNG,5
SIKKIM,LEPCHA,38313
SIKKIM,LIANGMEI,3
SIKKIM,LIMBU,38733
SIKKIM,LOTHA,7
SIKKIM,LUSHAI/MIZO,49
SIKKIM,MAO,6
SIKKIM,MARAM,2
SIKKIM,MIRI/MISHING,1
SIKKIM,MISHMI,5
SIKKIM,MONPA,89
SIKKIM,MUNDA,35
SIKKIM,MUNDARI,16
SIKKIM,NICOBARESE,26
SIKKIM,NISSI/DAFLA,3
SIKKIM,PAITE,10
SIKKIM,PARJI,1
SIKKIM,RABHA,19
SIKKIM,RAI,7471
SIKKIM,SEMA,1
SIKKIM,SHERPA,13681
SIKKIM,TAMANG,11734
SIKKIM,TANGKHUL,12
SIKKIM,THADO,20
SIKKIM,TIBETAN,2785
SIKKIM,TRIPURI,14
SIKKIM,VAIPHEI,2
SIKKIM,WANCHO,1
ARUNACHAL PRADESH,ASSAMESE,53951
ARUNACHAL PRADESH,BENGALI,100579
ARUNACHAL PRADESH,BODO,7095
ARUNACHAL PRADESH,DOGRI,994
ARUNACHAL PRADESH,GUJARATI,362
ARUNACHAL PRADESH,HINDI,98187
ARUNACHAL PRADESH,KANNADA,536
ARUNACHAL PRADESH,KASHMIRI,108
ARUNACHAL PRADESH,KONKANI,55
ARUNACHAL PRADESH,MAITHILI,2963
ARUNACHAL PRADESH,MALAYALAM,4012
ARUNACHAL PRADESH,MANIPURI,2835
ARUNACHAL PRADESH,MARATHI,2297
ARUNACHAL PRADESH,NEPALI,95317
ARUNACHAL PRADESH,ODIA,6820
ARUNACHAL PRADESH,PUNJABI,3674
ARUNACHAL PRADESH,SANSKRIT,28
ARUNACHAL PRADESH,SANTALI,1689
ARUNACHAL PRADESH,SINDHI,12
ARUNACHAL PRADESH,TAMIL,1246
ARUNACHAL PRADESH,TELUGU,1653
ARUNACHAL PRADESH,URDU,1294
ARUNACHAL PRADESH,ADI,240026
ARUNACHAL PRADESH,AFGHANI/KABULI/PASHTO,202
ARUNACHAL PRADESH,ANAL,12
ARUNACHAL PRADESH,ANGAMI,44
ARUNACHAL PRADESH,AO,1891
ARUNACHAL PRADESH,ARABIC/ARBI,12
ARUNACHAL PRADESH,BALTI,2
ARUNACHAL PRADESH,BHILI/BHILODI,8
ARUNACHAL PRADESH,BHOTIA,62458
ARUNACHAL PRADESH,BHUMIJ,2
ARUNACHAL PRADESH,BISHNUPURIYA,64
ARUNACHAL PRADESH,CHAKHESANG,2
ARUNACHAL PRADESH,CHAKRU/CHOKRI,3
ARUNACHAL PRADESH,CHANG,762
ARUNACHAL PRADESH,COORGI/KODAGU,1
ARUNACHAL PRADESH,DEORI,4844
ARUNACHAL PRADESH,DIMASA,215
ARUNACHAL PRADESH,ENGLISH,108
ARUNACHAL PRADESH,GADABA,1
ARUNACHAL PRADESH,GANGTE,4
ARUNACHAL PRADESH,GARO,6597
ARUNACHAL PRADESH,GONDI,46
ARUNACHAL PRADESH,HALABI,1
ARUNACHAL PRADESH,HALAM,31
ARUNACHAL PRADESH,HMAR,14
ARUNACHAL PRADESH,HO,6
ARUNACHAL PRADESH,KABUI,44
ARUNACHAL PRADESH,KARBI/MIKIR,1536
ARUNACHAL PRADESH,KHARIA,218
ARUNACHAL PRADESH,KHASI,210
ARUNACHAL PRADESH,KHEZHA,7
ARUNACHAL PRADESH,KHIEMNUNGAN,9
ARUNACHAL PRADESH,KINNAURI,6
ARUNACHAL PRADESH,KISAN,101
ARUNACHAL PRADESH,KOCH,11
ARUNACHAL PRADESH,KOM,2
ARUNACHAL PRADESH,KONYAK,8
ARUNACHAL PRADESH,KORKU,8
ARUNACHAL PRADESH,KORWA,69
ARUNACHAL PRADESH,KOYA,1
ARUNACHAL PRADESH,KUI,1
ARUNACHAL PRADESH,KUKI,121
ARUNACHAL PRADESH,KURUKH/ORAON,969
ARUNACHAL PRADESH,LADAKHI,17
ARUNACHAL PRADESH,LAHAULI,12
ARUNACHAL PRADESH,LAHNDA,2
ARUNACHAL PRADESH,LAKHER,10
ARUNACHAL PRADESH,LALUNG,10
ARUNACHAL PRADESH,LEPCHA,10
ARUNACHAL PRADESH,LIANGMEI,1
ARUNACHAL PRADESH,LIMBU,120
ARUNACHAL PRADESH,LOTHA,54
ARUNACHAL PRADESH,LUSHAI/MIZO,1431
ARUNACHAL PRADESH,MALTO,2
ARUNACHAL PRADESH,MAO,89
ARUNACHAL PRADESH,MARAM,49
ARUNACHAL PRADESH,MARING,1
ARUNACHAL PRADESH,MIRI/MISHING,10402
ARUNACHAL PRADESH,MISHMI,42017
ARUNACHAL PRADESH,MOGH,55
ARUNACHAL PRADESH,MONPA,12398
ARUNACHAL PRADESH,MUNDA,1427
ARUNACHAL PRADESH,MUNDARI,1378
ARUNACHAL PRADESH,NICOBARESE,1
ARUNACHAL PRADESH,NISSI/DAFLA,395745
ARUNACHAL PRADESH,NOCTE,30308
ARUNACHAL PRADESH,PAITE,60
ARUNACHAL PRADESH,PARJI,89
ARUNACHAL PRADESH,PHOM,649
ARUNACHAL PRADESH,RABHA,89
ARUNACHAL PRADESH,RAI,3897
ARUNACHAL PRADESH,RENGMA,30
ARUNACHAL PRADESH,SANGTAM,3
ARUNACHAL PRADESH,SAVARA,243
ARUNACHAL PRADESH,SEMA,93
ARUNACHAL PRADESH,SHERPA,211
ARUNACHAL PRADESH,TAMANG,1057
ARUNACHAL PRADESH,TANGKHUL,50
ARUNACHAL PRADESH,TANGSA,36546
ARUNACHAL PRADESH,THADO,58
ARUNACHAL PRADESH,TIBETAN,4557
ARUNACHAL PRADESH,TRIPURI,90
ARUNACHAL PRADESH,TULU,1
ARUNACHAL PRADESH,VAIPHEI,9
ARUNACHAL PRADESH,WANCHO,58450
ARUNACHAL PRADESH,YIMCHUNGRE,5
ARUNACHAL PRADESH,ZELIANG,6
ARUNACHAL PRADESH,ZEMI,3
ARUNACHAL PRADESH,ZOU,2
NAGALAND,ASSAMESE,17201
NAGALAND,BENGALI,74753
NAGALAND,BODO,7372
NAGALAND,DOGRI,1269
NAGALAND,GUJARATI,277
NAGALAND,HINDI,62942
NAGALAND,KANNADA,337
NAGALAND,KASHMIRI,77
NAGALAND,KONKANI,51
NAGALAND,MAITHILI,1473
NAGALAND,MALAYALAM,2916
NAGALAND,MANIPURI,9511
NAGALAND,MARATHI,2659
NAGALAND,NEPALI,43481
NAGALAND,ODIA,4565
NAGALAND,PUNJABI,2249
NAGALAND,SANTALI,156
NAGALAND,SINDHI,82
NAGALAND,TAMIL,1127
NAGALAND,TELUGU,1188
NAGALAND,URDU,1095
NAGALAND,ADI,95
NAGALAND,AFGHANI/KABULI/PASHTO,5
NAGALAND,ANAL,184
NAGALAND,ANGAMI,151883
NAGALAND,AO,231084
NAGALAND,ARABIC/ARBI,21
NAGALAND,BHILI/BHILODI,20
NAGALAND,BHOTIA,136
NAGALAND,BHUMIJ,10
NAGALAND,BISHNUPURIYA,125
NAGALAND,CHAKHESANG,17919
NAGALAND,CHAKRU/CHOKRI,91010
NAGALAND,CHANG,65632
NAGALAND,COORGI/KODAGU,2
NAGALAND,DEORI,5
NAGALAND,DIMASA,4871
NAGALAND,ENGLISH,419
NAGALAND,GANGTE,10
NAGALAND,GARO,2351
NAGALAND,GONDI,17
NAGALAND,HALAM,4
NAGALAND,HMAR,61
NAGALAND,HO,11
NAGALAND,JUANG,1
NAGALAND,KABUI,6968
NAGALAND,KARBI/MIKIR,584
NAGALAND,KHANDESHI,5
NAGALAND,KHARIA,164
NAGALAND,KHASI,721
NAGALAND,KHEZHA,34218
NAGALAND,KHIEMNUNGAN,61906
NAGALAND,KHOND/KONDH,1
NAGALAND,KINNAURI,5
NAGALAND,KISAN,8
NAGALAND,KOCH,8
NAGALAND,KOM,49
NAGALAND,KONYAK,244135
NAGALAND,KOYA,3
NAGALAND,KUKI,18392
NAGALAND,KURUKH/ORAON,993
NAGALAND,LAHNDA,3
NAGALAND,LAKHER,12
NAGALAND,LALUNG,24
NAGALAND,LEPCHA,45
NAGALAND,LIANGMEI,3923
NAGALAND,LIMBU,32
NAGALAND,LOTHA,177488
NAGALAND,LUSHAI/MIZO,1194
NAGALAND,MAO,14490
NAGALAND,MARAM,240
NAGALAND,MARING,96
NAGALAND,MIRI/MISHING,86
NAGALAND,MISHMI,33
NAGALAND,MOGH,9
NAGALAND,MONPA,11
NAGALAND,MUNDA,279
NAGALAND,MUNDARI,219
NAGALAND,NISSI/DAFLA,111
NAGALAND,NOCTE,75
NAGALAND,PAITE,150
NAGALAND,PARJI,9
NAGALAND,PAWI,9
NAGALAND,PHOM,53674
NAGALAND,POCHURY,21446
NAGALAND,RABHA,131
NAGALAND,RAI,17
NAGALAND,RENGMA,61537
NAGALAND,SANGTAM,75841
NAGALAND,SAVARA,14
NAGALAND,SEMA,8268
NAGALAND,SHERPA,13
NAGALAND,TAMANG,135
NAGALAND,TANGKHUL,2018
NAGALAND,TANGSA,151
NAGALAND,THADO,148
NAGALAND,TIBETAN,207
NAGALAND,TRIPURI,339
NAGALAND,TULU,1
NAGALAND,VAIPHEI,107
NAGALAND,WANCHO,92
NAGALAND,YIMCHUNGRE,74156
NAGALAND,ZELIANG,60399
NAGALAND,ZEMI,11165
NAGALAND,ZOU,31
MANIPUR,ASSAMESE,2453
MANIPUR,BENGALI,30611
MANIPUR,BODO,174
MANIPUR,DOGRI,1853
MANIPUR,GUJARATI,164
MANIPUR,HINDI,31703
MANIPUR,KANNADA,639
MANIPUR,KASHMIRI,48
MANIPUR,KONKANI,32
MANIPUR,MAITHILI,213
MANIPUR,MALAYALAM,1519
MANIPUR,MANIPURI,1522132
MANIPUR,MARATHI,1583
MANIPUR,NEPALI,63756
MANIPUR,ODIA,931
MANIPUR,PUNJABI,1370
MANIPUR,SANSKRIT,1
MANIPUR,SANTALI,18
MANIPUR,TAMIL,1657
MANIPUR,TELUGU,1098
MANIPUR,URDU,247
MANIPUR,ADI,78
MANIPUR,AFGHANI/KABULI/PASHTO,1
MANIPUR,ANAL,26508
MANIPUR,ANGAMI,76
MANIPUR,AO,2529
MANIPUR,ARABIC/ARBI,5
MANIPUR,BHILI/BHILODI,2
MANIPUR,BHOTIA,11
MANIPUR,BISHNUPURIYA,1288
MANIPUR,CHAKHESANG,1146
MANIPUR,CHAKRU/CHOKRI,2
MANIPUR,CHANG,5
MANIPUR,COORGI/KODAGU,1
MANIPUR,DEORI,2
MANIPUR,DIMASA,36
MANIPUR,ENGLISH,331
MANIPUR,GANGTE,15274
MANIPUR,GARO,65
MANIPUR,GONDI,3
MANIPUR,HALAM,16
MANIPUR,HMAR,49081
MANIPUR,HO,2
MANIPUR,KABUI,109616
MANIPUR,KARBI/MIKIR,107
MANIPUR,KHANDESHI,1
MANIPUR,KHARIA,20
MANIPUR,KHASI,670
MANIPUR,KHEZHA,6977
MANIPUR,KHIEMNUNGAN,2
MANIPUR,KHOND/KONDH,53
MANIPUR,KINNAURI,1
MANIPUR,KISAN,179
MANIPUR,KOCH,2
MANIPUR,KOM,14621
MANIPUR,KONYAK,36
MANIPUR,KUKI,37805
MANIPUR,KURUKH/ORAON,36
MANIPUR,LADAKHI,3
MANIPUR,LAKHER,4
MANIPUR,LEPCHA,16
MANIPUR,LIANGMEI,45546
MANIPUR,LIMBU,169
MANIPUR,LOTHA,69
MANIPUR,LUSHAI/MIZO,6500
MANIPUR,MAO,224361
MANIPUR,MARAM,32098
MANIPUR,MARING,25657
MANIPUR,MIRI/MISHING,10
MANIPUR,MISHMI,11
MANIPUR,MOGH,7
MANIPUR,MONPA,27
MANIPUR,MUNDA,29
MANIPUR,MUNDARI,4
MANIPUR,NICOBARESE,2
MANIPUR,NISSI/DAFLA,21
MANIPUR,NOCTE,44
MANIPUR,PAITE,55031
MANIPUR,PHOM,16
MANIPUR,POCHURY,69
MANIPUR,RABHA,18
MANIPUR,RAI,146
MANIPUR,RENGMA,3
MANIPUR,SANGTAM,10
MANIPUR,SEMA,104
MANIPUR,SHERPA,26
MANIPUR,TAMANG,537
MANIPUR,TANGKHUL,183091
MANIPUR,TANGSA,49
MANIPUR,THADO,223779
MANIPUR,TIBETAN,3
MANIPUR,TRIPURI,208
MANIPUR,TULU,15
MANIPUR,VAIPHEI,39902
MANIPUR,WANCHO,42
MANIPUR,YIMCHUNGRE,8497
MANIPUR,ZELIANG,2727
MANIPUR,ZEMI,18795
MANIPUR,ZOU,25861
MIZORAM,ASSAMESE,1266
MIZORAM,BENGALI,107840
MIZORAM,BODO,203
MIZORAM,DOGRI,193
MIZORAM,GUJARATI,59
MIZORAM,HINDI,10677
MIZORAM,KANNADA,189
MIZORAM,KASHMIRI,23
MIZORAM,KONKANI,54
MIZORAM,MAITHILI,111
MIZORAM,MALAYALAM,718
MIZORAM,MANIPURI,2242
MIZORAM,MARATHI,408
MIZORAM,NEPALI,8994
MIZORAM,ODIA,277
MIZORAM,PUNJABI,349
MIZORAM,SANTALI,1150
MIZORAM,TAMIL,306
MIZORAM,TELUGU,334
MIZORAM,URDU,113
MIZORAM,ADI,26
MIZORAM,ANAL,4
MIZORAM,ANGAMI,10
MIZORAM,AO,39
MIZORAM,ARABIC/ARBI,35
MIZORAM,BHILI/BHILODI,17
MIZORAM,BHOTIA,1
MIZORAM,BHUMIJ,559
MIZORAM,BISHNUPURIYA,42
MIZORAM,CHAKHESANG,6
MIZORAM,CHAKRU/CHOKRI,5
MIZORAM,CHANG,1
MIZORAM,COORGI/KODAGU,1
MIZORAM,DEORI,3
MIZORAM,DIMASA,36
MIZORAM,ENGLISH,61
MIZORAM,GANGTE,705
MIZORAM,GARO,94
MIZORAM,HALABI,1
MIZORAM,HALAM,375
MIZORAM,HMAR,17981
MIZORAM,HO,2
MIZORAM,KABUI,15
MIZORAM,KARBI/MIKIR,8
MIZORAM,KHARIA,6
MIZORAM,KHASI,707
MIZORAM,KINNAURI,1
MIZORAM,KISAN,1
MIZORAM,KOCH,3
MIZORAM,KOM,1
MIZORAM,KONYAK,7
MIZORAM,KUKI,295
MIZORAM,KURUKH/ORAON,42
MIZORAM,LADAKHI,4
MIZORAM,LAHAULI,1
MIZORAM,LAKHER,41876
MIZORAM,LEPCHA,3
MIZORAM,LIANGMEI,1
MIZORAM,LIMBU,1
MIZORAM,LOTHA,9
MIZORAM,LUSHAI/MIZO,802763
MIZORAM,MAO,13
MIZORAM,MARAM,2
MIZORAM,MARING,2
MIZORAM,MIRI/MISHING,18
MIZORAM,MISHMI,4
MIZORAM,MOGH,330
MIZORAM,MONPA,4
MIZORAM,MUNDA,26
MIZORAM,MUNDARI,7
MIZORAM,NISSI/DAFLA,22
MIZORAM,NOCTE,4
MIZORAM,PAITE,22214
MIZORAM,PAWI,28624
MIZORAM,RABHA,8
MIZORAM,RAI,23
MIZORAM,RENGMA,7
MIZORAM,SANGTAM,1
MIZORAM,SAVARA,1
MIZORAM,SEMA,5
MIZORAM,TAMANG,17
MIZORAM,TANGKHUL,20
MIZORAM,TANGSA,5
MIZORAM,THADO,476
MIZORAM,TIBETAN,1
MIZORAM,TRIPURI,32634
MIZORAM,TULU,6
MIZORAM,VAIPHEI,339
MIZORAM,WANCHO,57
MIZORAM,ZELIANG,9
MIZORAM,ZEMI,26
MIZORAM,ZOU,128
TRIPURA,ASSAMESE,2129
TRIPURA,BENGALI,2414774
TRIPURA,BODO,511
TRIPURA,DOGRI,534
TRIPURA,GUJARATI,1384
TRIPURA,HINDI,77701
TRIPURA,KANNADA,675
TRIPURA,KASHMIRI,161
TRIPURA,KONKANI,44
TRIPURA,MAITHILI,294
TRIPURA,MALAYALAM,1173
TRIPURA,MANIPURI,23779
TRIPURA,MARATHI,1412
TRIPURA,NEPALI,2787
TRIPURA,ODIA,25967
TRIPURA,PUNJABI,997
TRIPURA,SANSKRIT,12
TRIPURA,SANTALI,3975
TRIPURA,SINDHI,30
TRIPURA,TAMIL,929
TRIPURA,TELUGU,3845
TRIPURA,URDU,526
TRIPURA,ADI,17
TRIPURA,AFGHANI/KABULI/PASHTO,2
TRIPURA,ANAL,2
TRIPURA,ANGAMI,3
TRIPURA,AO,19316
TRIPURA,ARABIC/ARBI,347
TRIPURA,BHILI/BHILODI,397
TRIPURA,BHOTIA,3
TRIPURA,BHUMIJ,312
TRIPURA,BISHNUPURIYA,22112
TRIPURA,CHAKRU/CHOKRI,29
TRIPURA,DEORI,2
TRIPURA,DIMASA,16
TRIPURA,ENGLISH,54
TRIPURA,GANGTE,18
TRIPURA,GARO,21019
TRIPURA,GONDI,634
TRIPURA,HALABI,9
TRIPURA,HALAM,23089
TRIPURA,HMAR,171
TRIPURA,HO,12
TRIPURA,KABUI,10
TRIPURA,KARBI/MIKIR,12
TRIPURA,KHANDESHI,3
TRIPURA,KHARIA,265
TRIPURA,KHASI,1257
TRIPURA,KHEZHA,5
TRIPURA,KHIEMNUNGAN,2
TRIPURA,KHOND/KONDH,3
TRIPURA,KINNAURI,1
TRIPURA,KOCH,67
TRIPURA,KODA/KORA,64
TRIPURA,KOM,1
TRIPURA,KONDA,6
TRIPURA,KONYAK,2
TRIPURA,KORWA,6
TRIPURA,KUKI,1693
TRIPURA,KURUKH/ORAON,7145
TRIPURA,LADAKHI,1
TRIPURA,LAHNDA,6
TRIPURA,LAKHER,8
TRIPURA,LALUNG,4
TRIPURA,LEPCHA,1
TRIPURA,LIANGMEI,11
TRIPURA,LIMBU,2
TRIPURA,LOTHA,4
TRIPURA,LUSHAI/MIZO,5639
TRIPURA,MALTO,105
TRIPURA,MAO,11
TRIPURA,MARING,1
TRIPURA,MIRI/MISHING,6
TRIPURA,MISHMI,14
TRIPURA,MOGH,35722
TRIPURA,MONPA,1
TRIPURA,MUNDA,9644
TRIPURA,MUNDARI,185
TRIPURA,NICOBARESE,1
TRIPURA,NISSI/DAFLA,14
TRIPURA,NOCTE,3
TRIPURA,PAITE,30
TRIPURA,POCHURY,1
TRIPURA,RABHA,43
TRIPURA,SANGTAM,2
TRIPURA,SAVARA,4620
TRIPURA,SEMA,3
TRIPURA,TANGKHUL,27
TRIPURA,TANGSA,4
TRIPURA,THADO,9
TRIPURA,TIBETAN,2
TRIPURA,TRIPURI,950875
TRIPURA,TULU,6
TRIPURA,VAIPHEI,2
TRIPURA,WANCHO,3
TRIPURA,YIMCHUNGRE,8
TRIPURA,ZELIANG,10
TRIPURA,ZOU,4
MEGHALAYA,ASSAMESE,39628
MEGHALAYA,BENGALI,232525
MEGHALAYA,BODO,4879
MEGHALAYA,DOGRI,426
MEGHALAYA,GUJARATI,343
MEGHALAYA,HINDI,62905
MEGHALAYA,KANNADA,454
MEGHALAYA,KASHMIRI,79
MEGHALAYA,KONKANI,68
MEGHALAYA,MAITHILI,881
MEGHALAYA,MALAYALAM,1789
MEGHALAYA,MANIPURI,4451
MEGHALAYA,MARATHI,20751
MEGHALAYA,NEPALI,54716
MEGHALAYA,ODIA,1518
MEGHALAYA,PUNJABI,4540
MEGHALAYA,SANSKRIT,9
MEGHALAYA,SANTALI,240
MEGHALAYA,SINDHI,236
MEGHALAYA,TAMIL,913
MEGHALAYA,TELUGU,1277
MEGHALAYA,URDU,2129
MEGHALAYA,ADI,390
MEGHALAYA,AFGHANI/KABULI/PASHTO,7
MEGHALAYA,ANAL,219
MEGHALAYA,ANGAMI,89
MEGHALAYA,AO,423
MEGHALAYA,ARABIC/ARBI,7
MEGHALAYA,BHILI/BHILODI,13
MEGHALAYA,BHOTIA,207
MEGHALAYA,BISHNUPURIYA,332
MEGHALAYA,CHAKHESANG,25
MEGHALAYA,CHAKRU/CHOKRI,17
MEGHALAYA,CHANG,10
MEGHALAYA,COORGI/KODAGU,1
MEGHALAYA,DEORI,26
MEGHALAYA,DIMASA,284
MEGHALAYA,ENGLISH,311
MEGHALAYA,GANGTE,281
MEGHALAYA,GARO,936496
MEGHALAYA,HALAM,108
MEGHALAYA,HMAR,1994
MEGHALAYA,HO,2
MEGHALAYA,JATAPU,1
MEGHALAYA,KABUI,208
MEGHALAYA,KARBI/MIKIR,14380
MEGHALAYA,KHANDESHI,1
MEGHALAYA,KHARIA,20
MEGHALAYA,KHASI,1382278
MEGHALAYA,KHEZHA,17
MEGHALAYA,KHIEMNUNGAN,2
MEGHALAYA,KHOND/KONDH,1
MEGHALAYA,KOCH,23199
MEGHALAYA,KODA/KORA,3
MEGHALAYA,KOM,79
MEGHALAYA,KONDA,1
MEGHALAYA,KONYAK,27
MEGHALAYA,KORWA,4
MEGHALAYA,KOYA,1
MEGHALAYA,KUI,1
MEGHALAYA,KUKI,1367
MEGHALAYA,KURUKH/ORAON,176
MEGHALAYA,LAHNDA,5
MEGHALAYA,LAKHER,91
MEGHALAYA,LALUNG,2057
MEGHALAYA,LEPCHA,17
MEGHALAYA,LIANGMEI,39
MEGHALAYA,LIMBU,15
MEGHALAYA,LOTHA,228
MEGHALAYA,LUSHAI/MIZO,4455
MEGHALAYA,MAO,225
MEGHALAYA,MARING,2
MEGHALAYA,MIRI/MISHING,131
MEGHALAYA,MISHMI,30
MEGHALAYA,MOGH,4
MEGHALAYA,MONPA,90
MEGHALAYA,MUNDA,761
MEGHALAYA,MUNDARI,27
MEGHALAYA,NISSI/DAFLA,318
MEGHALAYA,NOCTE,74
MEGHALAYA,PAITE,770
MEGHALAYA,PAWI,4
MEGHALAYA,PHOM,13
MEGHALAYA,RABHA,21671
MEGHALAYA,RAI,7
MEGHALAYA,RENGMA,49
MEGHALAYA,SANGTAM,26
MEGHALAYA,SAVARA,16
MEGHALAYA,SEMA,66
MEGHALAYA,TAMANG,30
MEGHALAYA,TANGKHUL,951
MEGHALAYA,TANGSA,37
MEGHALAYA,THADO,1082
MEGHALAYA,TIBETAN,499
MEGHALAYA,TRIPURI,2735
MEGHALAYA,TULU,43
MEGHALAYA,VAIPHEI,960
MEGHALAYA,WANCHO,105
MEGHALAYA,YIMCHUNGRE,23
MEGHALAYA,ZELIANG,302
MEGHALAYA,ZEMI,26
MEGHALAYA,ZOU,292
ASSAM,ASSAMESE,15095797
ASSAM,BENGALI,9024324
ASSAM,BODO,1416125
ASSAM,DOGRI,1561
ASSAM,GUJARATI,7660
ASSAM,HINDI,2101435
ASSAM,KANNADA,2597
ASSAM,KASHMIRI,357
ASSAM,KONKANI,413
ASSAM,MAITHILI,6034
ASSAM,MALAYALAM,5768
ASSAM,MANIPURI,168133
ASSAM,MARATHI,11641
ASSAM,NEPALI,596210
ASSAM,ODIA,218552
ASSAM,PUNJABI,23313
ASSAM,SANSKRIT,104
ASSAM,SANTALI,213139
ASSAM,SINDHI,19646
ASSAM,TAMIL,5229
ASSAM,TELUGU,26630
ASSAM,URDU,8293
ASSAM,ADI,3705
ASSAM,AFGHANI/KABULI/PASHTO,173
ASSAM,ANAL,35
ASSAM,ANGAMI,87
ASSAM,AO,4092
ASSAM,ARABIC/ARBI,3127
ASSAM,BALTI,4
ASSAM,BHILI/BHILODI,3038
ASSAM,BHOTIA,128
ASSAM,BHUMIJ,952
ASSAM,BISHNUPURIYA,53867
ASSAM,CHAKHESANG,709
ASSAM,CHAKRU/CHOKRI,34
ASSAM,CHANG,125
ASSAM,COORGI/KODAGU,15
ASSAM,DEORI,27441
ASSAM,DIMASA,131474
ASSAM,ENGLISH,1287
ASSAM,GANGTE,54
ASSAM,GARO,172520
ASSAM,GONDI,5855
ASSAM,HALABI,6
ASSAM,HALAM,8679
ASSAM,HMAR,29323
ASSAM,HO,598
ASSAM,JATAPU,14
ASSAM,KABUI,5616
ASSAM,KARBI/MIKIR,511732
ASSAM,KHANDESHI,2
ASSAM,KHARIA,8921
ASSAM,KHASI,41847
ASSAM,KHEZHA,7
ASSAM,KHIEMNUNGAN,30
ASSAM,KHOND/KONDH,192
ASSAM,KINNAURI,2
ASSAM,KISAN,648
ASSAM,KOCH,12550
ASSAM,KODA/KORA,110
ASSAM,KOM,10
ASSAM,KONDA,87
ASSAM,KONYAK,157
ASSAM,KORWA,317
ASSAM,KOYA,363
ASSAM,KUI,518
ASSAM,KUKI,22327
ASSAM,KURUKH/ORAON,73437
ASSAM,LADAKHI,19
ASSAM,LAHAULI,7
ASSAM,LAHNDA,10
ASSAM,LAKHER,41
ASSAM,LALUNG,31821
ASSAM,LEPCHA,10
ASSAM,LIANGMEI,95
ASSAM,LIMBU,780
ASSAM,LOTHA,1188
ASSAM,LUSHAI/MIZO,4006
ASSAM,MALTO,371
ASSAM,MAO,153
ASSAM,MARAM,21
ASSAM,MIRI/MISHING,619197
ASSAM,MISHMI,1578
ASSAM,MOGH,325
ASSAM,MONPA,56
ASSAM,MUNDA,71903
ASSAM,MUNDARI,23813
ASSAM,NICOBARESE,1
ASSAM,NISSI/DAFLA,1403
ASSAM,NOCTE,279
ASSAM,PAITE,299
ASSAM,PARJI,5693
ASSAM,PAWI,1
ASSAM,PHOM,24
ASSAM,POCHURY,32
ASSAM,RABHA,101752
ASSAM,RAI,1110
ASSAM,RENGMA,3149
ASSAM,SANGTAM,82
ASSAM,SAVARA,5900
ASSAM,SEMA,1945
ASSAM,SHERPA,124
ASSAM,SHINA,103
ASSAM,TAMANG,2063
ASSAM,TANGKHUL,148
ASSAM,TANGSA,1723
ASSAM,THADO,2540
ASSAM,TIBETAN,522
ASSAM,TRIPURI,22890
ASSAM,TULU,91
ASSAM,VAIPHEI,1094
ASSAM,WANCHO,345
ASSAM,YIMCHUNGRE,450
ASSAM,ZELIANG,44
ASSAM,ZEMI,20723
ASSAM,ZOU,40
WEST BENGAL,ASSAMESE,7342
WEST BENGAL,BENGALI,78698852
WEST BENGAL,BODO,42739
WEST BENGAL,DOGRI,1557
WEST BENGAL,GUJARATI,41371
WEST BENGAL,HINDI,6356059
WEST BENGAL,KANNADA,2192
WEST BENGAL,KASHMIRI,624
WEST BENGAL,KONKANI,506
WEST BENGAL,MAITHILI,29741
WEST BENGAL,MALAYALAM,10952
WEST BENGAL,MANIPURI,2010
WEST BENGAL,MARATHI,14815
WEST BENGAL,NEPALI,1155375
WEST BENGAL,ODIA,162142
WEST BENGAL,PUNJABI,61080
WEST BENGAL,SANSKRIT,1200
WEST BENGAL,SANTALI,2429073
WEST BENGAL,SINDHI,7828
WEST BENGAL,TAMIL,15930
WEST BENGAL,TELUGU,88352
WEST BENGAL,URDU,1663519
WEST BENGAL,ADI,527
WEST BENGAL,AFGHANI/KABULI/PASHTO,118
WEST BENGAL,ANAL,14
WEST BENGAL,ANGAMI,89
WEST BENGAL,AO,192
WEST BENGAL,ARABIC/ARBI,4479
WEST BENGAL,BALTI,5
WEST BENGAL,BHILI/BHILODI,689
WEST BENGAL,BHOTIA,4293
WEST BENGAL,BHUMIJ,6977
WEST BENGAL,BISHNUPURIYA,26
WEST BENGAL,CHAKHESANG,14
WEST BENGAL,CHAKRU/CHOKRI,14
WEST BENGAL,CHANG,24
WEST BENGAL,COORGI/KODAGU,2
WEST BENGAL,DEORI,1
WEST BENGAL,DIMASA,7
WEST BENGAL,ENGLISH,14945
WEST BENGAL,GADABA,5
WEST BENGAL,GANGTE,5
WEST BENGAL,GARO,1729
WEST BENGAL,GONDI,605
WEST BENGAL,HALAM,36
WEST BENGAL,HMAR,23
WEST BENGAL,HO,6055
WEST BENGAL,JATAPU,4
WEST BENGAL,KABUI,18
WEST BENGAL,KARBI/MIKIR,4
WEST BENGAL,KHANDESHI,8
WEST BENGAL,KHARIA,6876
WEST BENGAL,KHASI,232
WEST BENGAL,KHEZHA,2
WEST BENGAL,KHIEMNUNGAN,6
WEST BENGAL,KHOND/KONDH,402
WEST BENGAL,KINNAURI,16
WEST BENGAL,KISAN,10277
WEST BENGAL,KOCH,427
WEST BENGAL,KODA/KORA,40741
WEST BENGAL,KOM,26
WEST BENGAL,KONDA,14
WEST BENGAL,KONYAK,47
WEST BENGAL,KORWA,2009
WEST BENGAL,KOYA,1
WEST BENGAL,KUI,3
WEST BENGAL,KUKI,173
WEST BENGAL,KURUKH/ORAON,171909
WEST BENGAL,LADAKHI,25
WEST BENGAL,LAHNDA,8
WEST BENGAL,LAKHER,16
WEST BENGAL,LEPCHA,8637
WEST BENGAL,LIANGMEI,41
WEST BENGAL,LIMBU,921
WEST BENGAL,LOTHA,124
WEST BENGAL,LUSHAI/MIZO,523
WEST BENGAL,MALTO,5057
WEST BENGAL,MAO,32
WEST BENGAL,MARAM,2
WEST BENGAL,MARING,12
WEST BENGAL,MIRI/MISHING,7
WEST BENGAL,MISHMI,40
WEST BENGAL,MOGH,60
WEST BENGAL,MONPA,10
WEST BENGAL,MUNDA,43686
WEST BENGAL,MUNDARI,29594
WEST BENGAL,NICOBARESE,2
WEST BENGAL,NISSI/DAFLA,23
WEST BENGAL,NOCTE,8
WEST BENGAL,PAITE,50
WEST BENGAL,PARJI,151
WEST BENGAL,PHOM,15
WEST BENGAL,POCHURY,5
WEST BENGAL,RABHA,14387
WEST BENGAL,RAI,379
WEST BENGAL,RENGMA,15
WEST BENGAL,SANGTAM,6
WEST BENGAL,SAVARA,24915
WEST BENGAL,SEMA,53
WEST BENGAL,SHERPA,1311
WEST BENGAL,SHINA,12
WEST BENGAL,TAMANG,3821
WEST BENGAL,TANGKHUL,57
WEST BENGAL,THADO,50
WEST BENGAL,TIBETAN,8500
WEST BENGAL,TRIPURI,120
WEST BENGAL,TULU,136
WEST BENGAL,VAIPHEI,39
WEST BENGAL,WANCHO,10
WEST BENGAL,YIMCHUNGRE,28
WEST BENGAL,ZELIANG,10
WEST BENGAL,ZOU,15
JHARKHAND,ASSAMESE,1324
JHARKHAND,BENGALI,3213423
JHARKHAND,BODO,92
JHARKHAND,DOGRI,279
JHARKHAND,GUJARATI,22109
JHARKHAND,HINDI,20436026
JHARKHAND,KANNADA,1324
JHARKHAND,KASHMIRI,296
JHARKHAND,KONKANI,265
JHARKHAND,MAITHILI,138167
JHARKHAND,MALAYALAM,6549
JHARKHAND,MANIPURI,364
JHARKHAND,MARATHI,8481
JHARKHAND,NEPALI,16956
JHARKHAND,ODIA,531077
JHARKHAND,PUNJABI,78712
JHARKHAND,SANSKRIT,853
JHARKHAND,SANTALI,3269897
JHARKHAND,SINDHI,1701
JHARKHAND,TAMIL,10061
JHARKHAND,TELUGU,30704
JHARKHAND,URDU,1965652
JHARKHAND,ADI,732
JHARKHAND,AFGHANI/KABULI/PASHTO,8
JHARKHAND,ANAL,7
JHARKHAND,ANGAMI,3
JHARKHAND,AO,2
JHARKHAND,ARABIC/ARBI,2095
JHARKHAND,BHILI/BHILODI,416
JHARKHAND,BHUMIJ,11275
JHARKHAND,BISHNUPURIYA,4
JHARKHAND,CHAKRU/CHOKRI,1
JHARKHAND,CHANG,4
JHARKHAND,COORGI/KODAGU,9
JHARKHAND,DEORI,1
JHARKHAND,DIMASA,12
JHARKHAND,ENGLISH,2431
JHARKHAND,GANGTE,16
JHARKHAND,GARO,3
JHARKHAND,GONDI,1621
JHARKHAND,HALABI,4
JHARKHAND,HALAM,2
JHARKHAND,HO,994302
JHARKHAND,KABUI,6
JHARKHAND,KARBI/MIKIR,1
JHARKHAND,KHANDESHI,62
JHARKHAND,KHARIA,140148
JHARKHAND,KHASI,4
JHARKHAND,KINNAURI,1
JHARKHAND,KISAN,59
JHARKHAND,KOCH,2
JHARKHAND,KODA/KORA,3321
JHARKHAND,KOM,1
JHARKHAND,KONDA,177
JHARKHAND,KORWA,2341
JHARKHAND,KUI,7
JHARKHAND,KUKI,6
JHARKHAND,KURUKH/ORAON,952164
JHARKHAND,LADAKHI,1
JHARKHAND,LAHAULI,3
JHARKHAND,LAHNDA,83
JHARKHAND,LEPCHA,1
JHARKHAND,LIMBU,1
JHARKHAND,LOTHA,4
JHARKHAND,LUSHAI/MIZO,47
JHARKHAND,MALTO,151565
JHARKHAND,MAO,84
JHARKHAND,MARING,1
JHARKHAND,MIRI/MISHING,5
JHARKHAND,MISHMI,2
JHARKHAND,MOGH,6
JHARKHAND,MONPA,5
JHARKHAND,MUNDA,23907
JHARKHAND,MUNDARI,942108
JHARKHAND,NICOBARESE,4
JHARKHAND,NISSI/DAFLA,8
JHARKHAND,PAITE,4
JHARKHAND,RABHA,3
JHARKHAND,RAI,49
JHARKHAND,SANGTAM,2
JHARKHAND,SAVARA,94
JHARKHAND,SEMA,2
JHARKHAND,TANGKHUL,2
JHARKHAND,TANGSA,1
JHARKHAND,THADO,3
JHARKHAND,TIBETAN,5
JHARKHAND,TRIPURI,29
JHARKHAND,TULU,83
JHARKHAND,VAIPHEI,1
JHARKHAND,YIMCHUNGRE,1
JHARKHAND,ZOU,2
ODISHA,ASSAMESE,1123
ODISHA,BENGALI,504570
ODISHA,BODO,24
ODISHA,DOGRI,353
ODISHA,GUJARATI,14856
ODISHA,HINDI,1239037
ODISHA,KANNADA,3673
ODISHA,KASHMIRI,140
ODISHA,KONKANI,7587
ODISHA,MAITHILI,2438
ODISHA,MALAYALAM,9004
ODISHA,MANIPURI,306
ODISHA,MARATHI,8617
ODISHA,NEPALI,8654
ODISHA,ODIA,34712170
ODISHA,PUNJABI,19470
ODISHA,SANSKRIT,534
ODISHA,SANTALI,862590
ODISHA,SINDHI,2338
ODISHA,TAMIL,6155
ODISHA,TELUGU,667693
ODISHA,URDU,670572
ODISHA,ADI,12
ODISHA,AFGHANI/KABULI/PASHTO,12
ODISHA,ANGAMI,4
ODISHA,ARABIC/ARBI,230
ODISHA,BHILI/BHILODI,1213
ODISHA,BHUMIJ,5912
ODISHA,CHANG,32
ODISHA,COORGI/KODAGU,1341
ODISHA,DIMASA,3
ODISHA,ENGLISH,2154
ODISHA,GADABA,33342
ODISHA,GARO,3748
ODISHA,GONDI,56517
ODISHA,HALABI,31767
ODISHA,HALAM,13
ODISHA,HMAR,1
ODISHA,HO,411724
ODISHA,JATAPU,81
ODISHA,JUANG,30377
ODISHA,KABUI,7
ODISHA,KARBI/MIKIR,16
ODISHA,KHANDESHI,16
ODISHA,KHARIA,126872
ODISHA,KHASI,705
ODISHA,KHEZHA,8
ODISHA,KHOND/KONDH,114802
ODISHA,KISAN,194716
ODISHA,KOCH,10
ODISHA,KODA/KORA,2104
ODISHA,KOM,5
ODISHA,KONDA,2160
ODISHA,KONYAK,3
ODISHA,KORWA,478
ODISHA,KOYA,143676
ODISHA,KUI,939283
ODISHA,KUKI,16
ODISHA,KURUKH/ORAON,136031
ODISHA,LADAKHI,3114
ODISHA,LAHAULI,1
ODISHA,LAHNDA,103
ODISHA,LAKHER,2
ODISHA,LOTHA,8
ODISHA,LUSHAI/MIZO,14
ODISHA,MALTO,1355
ODISHA,MARAM,1
ODISHA,MISHMI,2
ODISHA,MOGH,15
ODISHA,MONPA,1
ODISHA,MUNDA,335830
ODISHA,MUNDARI,123488
ODISHA,NICOBARESE,1
ODISHA,NISSI/DAFLA,2
ODISHA,PAITE,3
ODISHA,PARJI,584
ODISHA,POCHURY,6
ODISHA,RABHA,9
ODISHA,RAI,1810
ODISHA,RENGMA,1
ODISHA,SAVARA,298655
ODISHA,SHINA,1
ODISHA,TAMANG,17
ODISHA,TANGKHUL,3
ODISHA,THADO,36
ODISHA,TIBETAN,553
ODISHA,TRIPURI,24
ODISHA,TULU,79
ODISHA,YIMCHUNGRE,26
CHHATTISGARH,ASSAMESE,1595
CHHATTISGARH,BENGALI,243597
CHHATTISGARH,BODO,88
CHHATTISGARH,DOGRI,747
CHHATTISGARH,GUJARATI,39116
CHHATTISGARH,HINDI,21361927
CHHATTISGARH,KANNADA,2028
CHHATTISGARH,KASHMIRI,171
CHHATTISGARH,KONKANI,173
CHHATTISGARH,MAITHILI,9094
CHHATTISGARH,MALAYALAM,23370
CHHATTISGARH,MANIPURI,202
CHHATTISGARH,MARATHI,144035
CHHATTISGARH,NEPALI,3431
CHHATTISGARH,ODIA,913581
CHHATTISGARH,PUNJABI,65425
CHHATTISGARH,SANSKRIT,290
CHHATTISGARH,SANTALI,17862
CHHATTISGARH,SINDHI,93424
CHHATTISGARH,TAMIL,10334
CHHATTISGARH,TELUGU,152100
CHHATTISGARH,URDU,79962
CHHATTISGARH,ADI,9
CHHATTISGARH,AFGHANI/KABULI/PASHTO,103
CHHATTISGARH,ANGAMI,5
CHHATTISGARH,AO,16
CHHATTISGARH,ARABIC/ARBI,397
CHHATTISGARH,BHILI/BHILODI,936
CHHATTISGARH,BHOTIA,19
CHHATTISGARH,BHUMIJ,10
CHHATTISGARH,CHAKHESANG,1
CHHATTISGARH,CHANG,49
CHHATTISGARH,COORGI/KODAGU,198
CHHATTISGARH,DIMASA,11
CHHATTISGARH,ENGLISH,1398
CHHATTISGARH,GARO,12
CHHATTISGARH,GONDI,1071400
CHHATTISGARH,HALABI,706304
CHHATTISGARH,HALAM,2
CHHATTISGARH,HMAR,1
CHHATTISGARH,HO,1408
CHHATTISGARH,KABUI,6
CHHATTISGARH,KARBI/MIKIR,1
CHHATTISGARH,KHANDESHI,1173
CHHATTISGARH,KHARIA,6492
CHHATTISGARH,KHASI,5
CHHATTISGARH,KHEZHA,4
CHHATTISGARH,KHOND/KONDH,1
CHHATTISGARH,KINNAURI,5
CHHATTISGARH,KISAN,8
CHHATTISGARH,KOCH,1
CHHATTISGARH,KODA/KORA,15
CHHATTISGARH,KONDA,18
CHHATTISGARH,KORKU,317
CHHATTISGARH,KORWA,19212
CHHATTISGARH,KOYA,740
CHHATTISGARH,KUKI,7
CHHATTISGARH,KURUKH/ORAON,516778
CHHATTISGARH,LADAKHI,15
CHHATTISGARH,LAHNDA,944
CHHATTISGARH,LAKHER,7
CHHATTISGARH,LIMBU,2
CHHATTISGARH,LUSHAI/MIZO,24
CHHATTISGARH,MALTO,198
CHHATTISGARH,MAO,2
CHHATTISGARH,MARING,2
CHHATTISGARH,MIRI/MISHING,1
CHHATTISGARH,MOGH,1
CHHATTISGARH,MUNDA,3105
CHHATTISGARH,MUNDARI,537
CHHATTISGARH,NISSI/DAFLA,9
CHHATTISGARH,NOCTE,1
CHHATTISGARH,PAITE,5
CHHATTISGARH,PARJI,45344
CHHATTISGARH,RABHA,1
CHHATTISGARH,SAVARA,5
CHHATTISGARH,SEMA,1
CHHATTISGARH,TANGKHUL,3
CHHATTISGARH,THADO,1
CHHATTISGARH,TIBETAN,961
CHHATTISGARH,TRIPURI,23
CHHATTISGARH,TULU,32
CHHATTISGARH,VAIPHEI,1
CHHATTISGARH,ZELIANG,6
MADHYA PRADESH,ASSAMESE,1870
MADHYA PRADESH,BENGALI,109185
MADHYA PRADESH,BODO,87
MADHYA PRADESH,DOGRI,835
MADHYA PRADESH,GUJARATI,187211
MADHYA PRADESH,HINDI,64324963
MADHYA PRADESH,KANNADA,4175
MADHYA PRADESH,KASHMIRI,1050
MADHYA PRADESH,KONKANI,814
MADHYA PRADESH,MAITHILI,4129
MADHYA PRADESH,MALAYALAM,37761
MADHYA PRADESH,MANIPURI,1009
MADHYA PRADESH,MARATHI,1231285
MADHYA PRADESH,NEPALI,8724
MADHYA PRADESH,ODIA,18765
MADHYA PRADESH,PUNJABI,139658
MADHYA PRADESH,SANSKRIT,1871
MADHYA PRADESH,SANTALI,404
MADHYA PRADESH,SINDHI,245161
MADHYA PRADESH,TAMIL,20544
MADHYA PRADESH,TELUGU,24411
MADHYA PRADESH,URDU,916608
MADHYA PRADESH,ADI,426
MADHYA PRADESH,AFGHANI/KABULI/PASHTO,12
MADHYA PRADESH,ANAL,13
MADHYA PRADESH,ANGAMI,27
MADHYA PRADESH,AO,16
MADHYA PRADESH,ARABIC/ARBI,1188
MADHYA PRADESH,BALTI,2
MADHYA PRADESH,BHILI/BHILODI,3587810
MADHYA PRADESH,BHOTIA,57
MADHYA PRADESH,BHUMIJ,1
MADHYA PRADESH,BISHNUPURIYA,13
MADHYA PRADESH,CHAKHESANG,5
MADHYA PRADESH,CHAKRU/CHOKRI,5
MADHYA PRADESH,COORGI/KODAGU,19
MADHYA PRADESH,DEORI,7
MADHYA PRADESH,DIMASA,11
MADHYA PRADESH,ENGLISH,2381
MADHYA PRADESH,GADABA,1
MADHYA PRADESH,GANGTE,8
MADHYA PRADESH,GARO,19
MADHYA PRADESH,GONDI,1164290
MADHYA PRADESH,HALABI,1985
MADHYA PRADESH,HALAM,6
MADHYA PRADESH,HMAR,1
MADHYA PRADESH,HO,2579
MADHYA PRADESH,KABUI,3
MADHYA PRADESH,KARBI/MIKIR,4
MADHYA PRADESH,KHANDESHI,37882
MADHYA PRADESH,KHARIA,142
MADHYA PRADESH,KHASI,13
MADHYA PRADESH,KHEZHA,4
MADHYA PRADESH,KHOND/KONDH,11
MADHYA PRADESH,KINNAURI,8
MADHYA PRADESH,KISAN,6
MADHYA PRADESH,KOCH,2
MADHYA PRADESH,KODA/KORA,2
MADHYA PRADESH,KOM,5
MADHYA PRADESH,KONDA,4
MADHYA PRADESH,KORKU,470386
MADHYA PRADESH,KORWA,2147
MADHYA PRADESH,KUI,93
MADHYA PRADESH,KUKI,72
MADHYA PRADESH,KURUKH/ORAON,4132
MADHYA PRADESH,LADAKHI,59
MADHYA PRADESH,LAHAULI,319
MADHYA PRADESH,LAHNDA,7738
MADHYA PRADESH,LAKHER,21
MADHYA PRADESH,LEPCHA,19
MADHYA PRADESH,LIANGMEI,2
MADHYA PRADESH,LOTHA,14
MADHYA PRADESH,LUSHAI/MIZO,181
MADHYA PRADESH,MALTO,196
MADHYA PRADESH,MAO,7
MADHYA PRADESH,MARAM,4
MADHYA PRADESH,MARING,1
MADHYA PRADESH,MISHMI,3
MADHYA PRADESH,MOGH,2
MADHYA PRADESH,MONPA,7
MADHYA PRADESH,MUNDA,258
MADHYA PRADESH,MUNDARI,424
MADHYA PRADESH,NISSI/DAFLA,65
MADHYA PRADESH,PAITE,11
MADHYA PRADESH,POCHURY,44
MADHYA PRADESH,RABHA,27
MADHYA PRADESH,RAI,3
MADHYA PRADESH,RENGMA,1
MADHYA PRADESH,SANGTAM,6
MADHYA PRADESH,SAVARA,5
MADHYA PRADESH,SEMA,23
MADHYA PRADESH,SHINA,1
MADHYA PRADESH,TANGKHUL,7
MADHYA PRADESH,TANGSA,5
MADHYA PRADESH,THADO,5
MADHYA PRADESH,TIBETAN,71
MADHYA PRADESH,TRIPURI,26
MADHYA PRADESH,TULU,92
MADHYA PRADESH,VAIPHEI,8
MADHYA PRADESH,WANCHO,5
MADHYA PRADESH,ZELIANG,5
MADHYA PRADESH,ZEMI,5
MADHYA PRADESH,ZOU,7
GUJARAT,ASSAMESE,3935
GUJARAT,BENGALI,79648
GUJARAT,BODO,138
GUJARAT,DOGRI,2026
GUJARAT,GUJARATI,51958730
GUJARAT,HINDI,4264868
GUJARAT,KANNADA,18033
GUJARAT,KASHMIRI,1111
GUJARAT,KONKANI,5092
GUJARAT,MAITHILI,10864
GUJARAT,MALAYALAM,64998
GUJARAT,MANIPURI,408
GUJARAT,MARATHI,920345
GUJARAT,NEPALI,25142
GUJARAT,ODIA,183549
GUJARAT,PUNJABI,63288
GUJARAT,SANSKRIT,720
GUJARAT,SANTALI,297
GUJARAT,SINDHI,1184024
GUJARAT,TAMIL,40072
GUJARAT,TELUGU,73568
GUJARAT,URDU,479206
GUJARAT,ADI,48
GUJARAT,AFGHANI/KABULI/PASHTO,78
GUJARAT,ANAL,3
GUJARAT,ANGAMI,14
GUJARAT,AO,2
GUJARAT,ARABIC/ARBI,324
GUJARAT,BHILI/BHILODI,825942
GUJARAT,BHOTIA,6
GUJARAT,BHUMIJ,9
GUJARAT,BISHNUPURIYA,14
GUJARAT,COORGI/KODAGU,33
GUJARAT,DIMASA,3
GUJARAT,ENGLISH,4224
GUJARAT,GANGTE,1
GUJARAT,GARO,14
GUJARAT,GONDI,630
GUJARAT,HALABI,1053
GUJARAT,HALAM,1
GUJARAT,HMAR,2
GUJARAT,HO,86
GUJARAT,KARBI/MIKIR,1
GUJARAT,KHANDESHI,153622
GUJARAT,KHARIA,71
GUJARAT,KHASI,24
GUJARAT,KHEZHA,6
GUJARAT,KHOND/KONDH,2
GUJARAT,KINNAURI,5
GUJARAT,KODA/KORA,17
GUJARAT,KOM,3
GUJARAT,KONDA,7
GUJARAT,KORWA,8
GUJARAT,KOYA,29
GUJARAT,KUI,8
GUJARAT,KUKI,81
GUJARAT,KURUKH/ORAON,116
GUJARAT,LADAKHI,12
GUJARAT,LAHNDA,3681
GUJARAT,LAKHER,4
GUJARAT,LEPCHA,1
GUJARAT,LIANGMEI,16
GUJARAT,LOTHA,4
GUJARAT,LUSHAI/MIZO,53
GUJARAT,MALTO,1
GUJARAT,MAO,65
GUJARAT,MARAM,1
GUJARAT,MIRI/MISHING,16
GUJARAT,MISHMI,5
GUJARAT,MOGH,1
GUJARAT,MUNDA,40
GUJARAT,MUNDARI,91
GUJARAT,NICOBARESE,4
GUJARAT,NISSI/DAFLA,65
GUJARAT,PAITE,5
GUJARAT,PARJI,36
GUJARAT,POCHURY,3
GUJARAT,RABHA,1112
GUJARAT,SAVARA,1
GUJARAT,SHINA,1
GUJARAT,TAMANG,3
GUJARAT,TANGKHUL,1
GUJARAT,TANGSA,2
GUJARAT,THADO,3
GUJARAT,TIBETAN,17
GUJARAT,TRIPURI,239
GUJARAT,TULU,1034
GUJARAT,YIMCHUNGRE,14
GUJARAT,ZEMI,4
GUJARAT,ZOU,5
DAMAN & DIU,ASSAMESE,1201
DAMAN & DIU,BENGALI,5232
DAMAN & DIU,BODO,50
DAMAN & DIU,DOGRI,2
DAMAN & DIU,GUJARATI,123648
DAMAN & DIU,HINDI,88312
DAMAN & DIU,KANNADA,457
DAMAN & DIU,KASHMIRI,3
DAMAN & DIU,KONKANI,142
DAMAN & DIU,MAITHILI,1044
DAMAN & DIU,MALAYALAM,1229
DAMAN & DIU,MANIPURI,22
DAMAN & DIU,MARATHI,11008
DAMAN & DIU,NEPALI,1401
DAMAN & DIU,ODIA,4421
DAMAN & DIU,PUNJABI,222
DAMAN & DIU,SANSKRIT,2
DAMAN & DIU,SANTALI,81
DAMAN & DIU,SINDHI,423
DAMAN & DIU,TAMIL,320
DAMAN & DIU,TELUGU,464
DAMAN & DIU,URDU,1032
DAMAN & DIU,ADI,2
DAMAN & DIU,ARABIC/ARBI,15
DAMAN & DIU,BHILI/BHILODI,518
DAMAN & DIU,COORGI/KODAGU,2
DAMAN & DIU,ENGLISH,183
DAMAN & DIU,KHANDESHI,14
DAMAN & DIU,KHARIA,6
DAMAN & DIU,KHEZHA,3
DAMAN & DIU,KOM,4
DAMAN & DIU,KONDA,2
DAMAN & DIU,KURUKH/ORAON,21
DAMAN & DIU,MUNDA,3
DAMAN & DIU,MUNDARI,5
DAMAN & DIU,POCHURY,1
DAMAN & DIU,RABHA,7
DAMAN & DIU,TRIPURI,5
DAMAN & DIU,TULU,24
DADRA & NAGAR HAVELI,ASSAMESE,957
DADRA & NAGAR HAVELI,BENGALI,3116
DADRA & NAGAR HAVELI,BODO,28
DADRA & NAGAR HAVELI,DOGRI,3
DADRA & NAGAR HAVELI,GUJARATI,73831
DADRA & NAGAR HAVELI,HINDI,89905
DADRA & NAGAR HAVELI,KANNADA,886
DADRA & NAGAR HAVELI,KASHMIRI,11
DADRA & NAGAR HAVELI,KONKANI,7756
DADRA & NAGAR HAVELI,MAITHILI,2187
DADRA & NAGAR HAVELI,MALAYALAM,2172
DADRA & NAGAR HAVELI,MANIPURI,81
DADRA & NAGAR HAVELI,MARATHI,24105
DADRA & NAGAR HAVELI,NEPALI,1152
DADRA & NAGAR HAVELI,ODIA,4463
DADRA & NAGAR HAVELI,PUNJABI,414
DADRA & NAGAR HAVELI,SANSKRIT,2
DADRA & NAGAR HAVELI,SANTALI,57
DADRA & NAGAR HAVELI,SINDHI,471
DADRA & NAGAR HAVELI,TAMIL,739
DADRA & NAGAR HAVELI,TELUGU,778
DADRA & NAGAR HAVELI,URDU,1089
DADRA & NAGAR HAVELI,ADI,1
DADRA & NAGAR HAVELI,BHILI/BHILODI,128078
DADRA & NAGAR HAVELI,BHUMIJ,8
DADRA & NAGAR HAVELI,ENGLISH,282
DADRA & NAGAR HAVELI,GONDI,3
DADRA & NAGAR HAVELI,HO,5
DADRA & NAGAR HAVELI,KARBI/MIKIR,5
DADRA & NAGAR HAVELI,KHANDESHI,355
DADRA & NAGAR HAVELI,KHARIA,5
DADRA & NAGAR HAVELI,KHEZHA,2
DADRA & NAGAR HAVELI,KODA/KORA,5
DADRA & NAGAR HAVELI,KOM,3
DADRA & NAGAR HAVELI,KURUKH/ORAON,4
DADRA & NAGAR HAVELI,MIRI/MISHING,9
DADRA & NAGAR HAVELI,MUNDA,9
DADRA & NAGAR HAVELI,MUNDARI,13
DADRA & NAGAR HAVELI,THADO,3
DADRA & NAGAR HAVELI,TRIPURI,6
DADRA & NAGAR HAVELI,TULU,44
MAHARASHTRA,ASSAMESE,12842
MAHARASHTRA,BENGALI,442090
MAHARASHTRA,BODO,330
MAHARASHTRA,DOGRI,1936
MAHARASHTRA,GUJARATI,2371743
MAHARASHTRA,HINDI,14481513
MAHARASHTRA,KANNADA,1000463
MAHARASHTRA,KASHMIRI,8274
MAHARASHTRA,KONKANI,399255
MAHARASHTRA,MAITHILI,46996
MAHARASHTRA,MALAYALAM,366153
MAHARASHTRA,MANIPURI,3475
MAHARASHTRA,MARATHI,77461172
MAHARASHTRA,NEPALI,75683
MAHARASHTRA,ODIA,139241
MAHARASHTRA,PUNJABI,280192
MAHARASHTRA,SANSKRIT,3802
MAHARASHTRA,SANTALI,103456
MAHARASHTRA,SINDHI,723748
MAHARASHTRA,TAMIL,509887
MAHARASHTRA,TELUGU,1320880
MAHARASHTRA,URDU,7540324
MAHARASHTRA,ADI,168
MAHARASHTRA,AFGHANI/KABULI/PASHTO,147
MAHARASHTRA,ANAL,9
MAHARASHTRA,ANGAMI,164
MAHARASHTRA,AO,44
MAHARASHTRA,ARABIC/ARBI,1830
MAHARASHTRA,BALTI,17
MAHARASHTRA,BHILI/BHILODI,2247678
MAHARASHTRA,BHOTIA,116
MAHARASHTRA,BHUMIJ,37
MAHARASHTRA,BISHNUPURIYA,10
MAHARASHTRA,CHAKHESANG,1
MAHARASHTRA,CHAKRU/CHOKRI,8
MAHARASHTRA,CHANG,35
MAHARASHTRA,COORGI/KODAGU,634
MAHARASHTRA,DEORI,5
MAHARASHTRA,DIMASA,26
MAHARASHTRA,ENGLISH,106656
MAHARASHTRA,GADABA,9
MAHARASHTRA,GANGTE,16
MAHARASHTRA,GARO,117
MAHARASHTRA,GONDI,458806
MAHARASHTRA,HALABI,24950
MAHARASHTRA,HALAM,13
MAHARASHTRA,HMAR,10
MAHARASHTRA,HO,1470
MAHARASHTRA,KABUI,57
MAHARASHTRA,KARBI/MIKIR,21
MAHARASHTRA,KHANDESHI,1616730
MAHARASHTRA,KHARIA,341
MAHARASHTRA,KHASI,249
MAHARASHTRA,KHEZHA,21
MAHARASHTRA,KHOND/KONDH,29
MAHARASHTRA,KINNAURI,39
MAHARASHTRA,KISAN,44
MAHARASHTRA,KOCH,56
MAHARASHTRA,KODA/KORA,57
MAHARASHTRA,KOLAMI,89170
MAHARASHTRA,KOM,35
MAHARASHTRA,KONDA,19
MAHARASHTRA,KONYAK,8
MAHARASHTRA,KORKU,255772
MAHARASHTRA,KORWA,1546
MAHARASHTRA,KOYA,20
MAHARASHTRA,KUKI,273
MAHARASHTRA,KURUKH/ORAON,8239
MAHARASHTRA,LADAKHI,14
MAHARASHTRA,LAHAULI,9
MAHARASHTRA,LAHNDA,7271
MAHARASHTRA,LAKHER,61
MAHARASHTRA,LEPCHA,9
MAHARASHTRA,LIANGMEI,74
MAHARASHTRA,LIMBU,15
MAHARASHTRA,LOTHA,24
MAHARASHTRA,LUSHAI/MIZO,406
MAHARASHTRA,MALTO,6
MAHARASHTRA,MAO,23
MAHARASHTRA,MARAM,8
MAHARASHTRA,MARING,2
MAHARASHTRA,MIRI/MISHING,14
MAHARASHTRA,MISHMI,18
MAHARASHTRA,MOGH,21
MAHARASHTRA,MONPA,8
MAHARASHTRA,MUNDA,696
MAHARASHTRA,MUNDARI,328
MAHARASHTRA,NISSI/DAFLA,58
MAHARASHTRA,NOCTE,1
MAHARASHTRA,PAITE,96
MAHARASHTRA,PARJI,12
MAHARASHTRA,PAWI,1
MAHARASHTRA,PHOM,1
MAHARASHTRA,POCHURY,4
MAHARASHTRA,RABHA,30
MAHARASHTRA,RAI,105
MAHARASHTRA,SANGTAM,1
MAHARASHTRA,SAVARA,54
MAHARASHTRA,SEMA,68
MAHARASHTRA,SHERPA,6
MAHARASHTRA,SHINA,12
MAHARASHTRA,TAMANG,58
MAHARASHTRA,TANGKHUL,158
MAHARASHTRA,TANGSA,15
MAHARASHTRA,THADO,72
MAHARASHTRA,TIBETAN,1045
MAHARASHTRA,TRIPURI,118
MAHARASHTRA,TULU,120072
MAHARASHTRA,VAIPHEI,15
MAHARASHTRA,WANCHO,3
MAHARASHTRA,YIMCHUNGRE,13
MAHARASHTRA,ZELIANG,2
MAHARASHTRA,ZEMI,68
ANDHRA PRADESH,ASSAMESE,2648
ANDHRA PRADESH,BENGALI,57804
ANDHRA PRADESH,BODO,606
ANDHRA PRADESH,DOGRI,769
ANDHRA PRADESH,GUJARATI,58946
ANDHRA PRADESH,HINDI,3120413
ANDHRA PRADESH,KANNADA,534144
ANDHRA PRADESH,KASHMIRI,576
ANDHRA PRADESH,KONKANI,2729
ANDHRA PRADESH,MAITHILI,2827
ANDHRA PRADESH,MALAYALAM,61147
ANDHRA PRADESH,MANIPURI,1356
ANDHRA PRADESH,MARATHI,674928
ANDHRA PRADESH,NEPALI,11551
ANDHRA PRADESH,ODIA,361471
ANDHRA PRADESH,PUNJABI,24413
ANDHRA PRADESH,SANSKRIT,493
ANDHRA PRADESH,SANTALI,226
ANDHRA PRADESH,SINDHI,11299
ANDHRA PRADESH,TAMIL,713848
ANDHRA PRADESH,TELUGU,70667780
ANDHRA PRADESH,URDU,7505623
ANDHRA PRADESH,ADI,50
ANDHRA PRADESH,AFGHANI/KABULI/PASHTO,15
ANDHRA PRADESH,ANAL,2
ANDHRA PRADESH,ANGAMI,19
ANDHRA PRADESH,AO,29
ANDHRA PRADESH,ARABIC/ARBI,1278
ANDHRA PRADESH,BHILI/BHILODI,5329
ANDHRA PRADESH,BHOTIA,141
ANDHRA PRADESH,BHUMIJ,8
ANDHRA PRADESH,CHAKHESANG,1
ANDHRA PRADESH,CHAKRU/CHOKRI,2
ANDHRA PRADESH,CHANG,4
ANDHRA PRADESH,COORGI/KODAGU,62
ANDHRA PRADESH,DEORI,8
ANDHRA PRADESH,DIMASA,17
ANDHRA PRADESH,ENGLISH,13049
ANDHRA PRADESH,GADABA,7589
ANDHRA PRADESH,GARO,151
ANDHRA PRADESH,GONDI,214233
ANDHRA PRADESH,HALABI,7
ANDHRA PRADESH,HALAM,6
ANDHRA PRADESH,HMAR,16
ANDHRA PRADESH,HO,15
ANDHRA PRADESH,JATAPU,19913
ANDHRA PRADESH,KABUI,33
ANDHRA PRADESH,KHANDESHI,9
ANDHRA PRADESH,KHARIA,77
ANDHRA PRADESH,KHASI,31
ANDHRA PRADESH,KHEZHA,7
ANDHRA PRADESH,KHOND/KONDH,39564
ANDHRA PRADESH,KINNAURI,12
ANDHRA PRADESH,KOCH,11
ANDHRA PRADESH,KODA/KORA,78
ANDHRA PRADESH,KOLAMI,39120
ANDHRA PRADESH,KOM,7
ANDHRA PRADESH,KONDA,58115
ANDHRA PRADESH,KONYAK,6
ANDHRA PRADESH,KORKU,3
ANDHRA PRADESH,KORWA,22
ANDHRA PRADESH,KOYA,262560
ANDHRA PRADESH,KUI,1549
ANDHRA PRADESH,KUKI,79
ANDHRA PRADESH,KURUKH/ORAON,66
ANDHRA PRADESH,LADAKHI,5
ANDHRA PRADESH,LAHAULI,2
ANDHRA PRADESH,LAHNDA,6007
ANDHRA PRADESH,LAKHER,17
ANDHRA PRADESH,LEPCHA,3
ANDHRA PRADESH,LIANGMEI,8
ANDHRA PRADESH,LIMBU,2
ANDHRA PRADESH,LOTHA,18
ANDHRA PRADESH,LUSHAI/MIZO,274
ANDHRA PRADESH,MALTO,8
ANDHRA PRADESH,MAO,10
ANDHRA PRADESH,MARAM,1
ANDHRA PRADESH,MISHMI,1
ANDHRA PRADESH,MOGH,2
ANDHRA PRADESH,MONPA,6
ANDHRA PRADESH,MUNDA,58
ANDHRA PRADESH,MUNDARI,47
ANDHRA PRADESH,NICOBARESE,5
ANDHRA PRADESH,NISSI/DAFLA,15
ANDHRA PRADESH,PAITE,22
ANDHRA PRADESH,PARJI,395
ANDHRA PRADESH,PHOM,3
ANDHRA PRADESH,POCHURY,4
ANDHRA PRADESH,RABHA,1
ANDHRA PRADESH,RENGMA,5
ANDHRA PRADESH,SAVARA,74605
ANDHRA PRADESH,SEMA,11
ANDHRA PRADESH,SHERPA,19
ANDHRA PRADESH,TAMANG,1
ANDHRA PRADESH,TANGKHUL,8
ANDHRA PRADESH,TANGSA,3
ANDHRA PRADESH,THADO,361
ANDHRA PRADESH,TIBETAN,32
ANDHRA PRADESH,TRIPURI,39
ANDHRA PRADESH,TULU,572
ANDHRA PRADESH,VAIPHEI,106
ANDHRA PRADESH,WANCHO,7
ANDHRA PRADESH,ZELIANG,1
ANDHRA PRADESH,ZOU,30
KARNATAKA,ASSAMESE,9871
KARNATAKA,BENGALI,87963
KARNATAKA,BODO,439
KARNATAKA,DOGRI,834
KARNATAKA,GUJARATI,114616
KARNATAKA,HINDI,2013364
KARNATAKA,KANNADA,40651090
KARNATAKA,KASHMIRI,3388
KARNATAKA,KONKANI,788294
KARNATAKA,MAITHILI,1810
KARNATAKA,MALAYALAM,774057
KARNATAKA,MANIPURI,4103
KARNATAKA,MARATHI,2064906
KARNATAKA,NEPALI,19274
KARNATAKA,ODIA,64119
KARNATAKA,PUNJABI,25981
KARNATAKA,SANSKRIT,1218
KARNATAKA,SANTALI,311
KARNATAKA,SINDHI,16954
KARNATAKA,TAMIL,2110128
KARNATAKA,TELUGU,3569400
KARNATAKA,URDU,6618324
KARNATAKA,ADI,136
KARNATAKA,AFGHANI/KABULI/PASHTO,27
KARNATAKA,ANAL,14
KARNATAKA,ANGAMI,57
KARNATAKA,AO,60
KARNATAKA,ARABIC/ARBI,1159
KARNATAKA,BHILI/BHILODI,2621
KARNATAKA,BHOTIA,888
KARNATAKA,BHUMIJ,11
KARNATAKA,BISHNUPURIYA,15
KARNATAKA,CHAKHESANG,2
KARNATAKA,CHAKRU/CHOKRI,13
KARNATAKA,CHANG,3
KARNATAKA,COORGI/KODAGU,110508
KARNATAKA,DEORI,17
KARNATAKA,DIMASA,20
KARNATAKA,ENGLISH,23227
KARNATAKA,GADABA,5
KARNATAKA,GANGTE,10
KARNATAKA,GARO,41
KARNATAKA,GONDI,1145
KARNATAKA,HALABI,76
KARNATAKA,HALAM,7
KARNATAKA,HMAR,24
KARNATAKA,HO,23
KARNATAKA,JATAPU,6
KARNATAKA,KABUI,44
KARNATAKA,KARBI/MIKIR,38
KARNATAKA,KHANDESHI,490
KARNATAKA,KHARIA,66
KARNATAKA,KHASI,359
KARNATAKA,KHEZHA,11
KARNATAKA,KHIEMNUNGAN,6
KARNATAKA,KHOND/KONDH,125
KARNATAKA,KINNAURI,54
KARNATAKA,KISAN,4
KARNATAKA,KOCH,3
KARNATAKA,KODA/KORA,227
KARNATAKA,KOM,71
KARNATAKA,KONDA,12
KARNATAKA,KONYAK,5
KARNATAKA,KORKU,7
KARNATAKA,KORWA,132
KARNATAKA,KOYA,29
KARNATAKA,KUI,4
KARNATAKA,KUKI,111
KARNATAKA,KURUKH/ORAON,284
KARNATAKA,LADAKHI,666
KARNATAKA,LAHNDA,289
KARNATAKA,LAKHER,66
KARNATAKA,LEPCHA,21
KARNATAKA,LIMBU,4
KARNATAKA,LOTHA,43
KARNATAKA,LUSHAI/MIZO,453
KARNATAKA,MALTO,6
KARNATAKA,MAO,49
KARNATAKA,MARAM,6
KARNATAKA,MARING,8
KARNATAKA,MIRI/MISHING,8
KARNATAKA,MISHMI,2
KARNATAKA,MOGH,33
KARNATAKA,MONPA,767
KARNATAKA,MUNDA,176
KARNATAKA,MUNDARI,67
KARNATAKA,NICOBARESE,3
KARNATAKA,NISSI/DAFLA,23
KARNATAKA,NOCTE,2
KARNATAKA,PAITE,118
KARNATAKA,POCHURY,6
KARNATAKA,RABHA,2
KARNATAKA,RENGMA,5
KARNATAKA,SANGTAM,1
KARNATAKA,SAVARA,62
KARNATAKA,SEMA,57
KARNATAKA,SHERPA,8
KARNATAKA,SHINA,1
KARNATAKA,TAMANG,5
KARNATAKA,TANGKHUL,209
KARNATAKA,TANGSA,39
KARNATAKA,THADO,133
KARNATAKA,TIBETAN,27544
KARNATAKA,TRIPURI,114
KARNATAKA,TULU,1595038
KARNATAKA,VAIPHEI,38
KARNATAKA,WANCHO,1
KARNATAKA,YIMCHUNGRE,4
KARNATAKA,ZEMI,7
KARNATAKA,ZOU,20
GOA,ASSAMESE,1107
GOA,BENGALI,7099
GOA,BODO,62
GOA,DOGRI,105
GOA,GUJARATI,6846
GOA,HINDI,150017
GOA,KANNADA,67923
GOA,KASHMIRI,372
GOA,KONKANI,964305
GOA,MAITHILI,289
GOA,MALAYALAM,12983
GOA,MANIPURI,367
GOA,MARATHI,158787
GOA,NEPALI,2600
GOA,ODIA,5558
GOA,PUNJABI,1959
GOA,SANSKRIT,1055
GOA,SANTALI,103
GOA,SINDHI,656
GOA,TAMIL,6947
GOA,TELUGU,11116
GOA,URDU,41242
GOA,ADI,10
GOA,AFGHANI/KABULI/PASHTO,14
GOA,ANAL,4
GOA,ANGAMI,22
GOA,AO,5
GOA,ARABIC/ARBI,73
GOA,BHILI/BHILODI,2665
GOA,BHOTIA,2
GOA,CHAKHESANG,2
GOA,CHANG,1
GOA,COORGI/KODAGU,57
GOA,DIMASA,2
GOA,ENGLISH,9765
GOA,GARO,13
GOA,GONDI,234
GOA,HALABI,26
GOA,HMAR,2
GOA,KABUI,2
GOA,KARBI/MIKIR,1
GOA,KHANDESHI,9
GOA,KHARIA,76
GOA,KHASI,16
GOA,KHEZHA,1
GOA,KINNAURI,2
GOA,KOCH,1
GOA,KOLAMI,160
GOA,KOM,111
GOA,KONDA,9
GOA,KORKU,362
GOA,KORWA,5
GOA,KUI,1
GOA,KUKI,1
GOA,KURUKH/ORAON,213
GOA,LADAKHI,4
GOA,LAHNDA,85
GOA,LEPCHA,1
GOA,LIANGMEI,1
GOA,LIMBU,1
GOA,LOTHA,2
GOA,LUSHAI/MIZO,35
GOA,MALTO,5
GOA,MAO,3
GOA,MIRI/MISHING,3
GOA,MISHMI,1
GOA,MUNDA,71
GOA,MUNDARI,71
GOA,NISSI/DAFLA,2
GOA,PAITE,1
GOA,PARJI,1
GOA,RENGMA,1
GOA,SANGTAM,1
GOA,SAVARA,8
GOA,SEMA,4
GOA,SHERPA,1
GOA,TAMANG,2
GOA,TANGKHUL,14
GOA,TANGSA,4
GOA,TIBETAN,53
GOA,TRIPURI,1
GOA,TULU,929
GOA,YIMCHUNGRE,1
GOA,ZELIANG,1
LAKSHADWEEP,ASSAMESE,1
LAKSHADWEEP,BENGALI,140
LAKSHADWEEP,BODO,5
LAKSHADWEEP,GUJARATI,24
LAKSHADWEEP,HINDI,160
LAKSHADWEEP,KANNADA,37
LAKSHADWEEP,KONKANI,1
LAKSHADWEEP,MALAYALAM,54264
LAKSHADWEEP,MARATHI,26
LAKSHADWEEP,NEPALI,4
LAKSHADWEEP,ODIA,40
LAKSHADWEEP,PUNJABI,4
LAKSHADWEEP,SINDHI,7
LAKSHADWEEP,TAMIL,364
LAKSHADWEEP,TELUGU,42
LAKSHADWEEP,URDU,32
LAKSHADWEEP,ADI,2
LAKSHADWEEP,AFGHANI/KABULI/PASHTO,3
LAKSHADWEEP,ENGLISH,1
LAKSHADWEEP,SAVARA,3
LAKSHADWEEP,TULU,2
KERALA,ASSAMESE,5796
KERALA,BENGALI,29061
KERALA,BODO,47
KERALA,DOGRI,225
KERALA,GUJARATI,4710
KERALA,HINDI,51928
KERALA,KANNADA,86995
KERALA,KASHMIRI,651
KERALA,KONKANI,69449
KERALA,MAITHILI,214
KERALA,MALAYALAM,32413213
KERALA,MANIPURI,444
KERALA,MARATHI,31642
KERALA,NEPALI,3665
KERALA,ODIA,10958
KERALA,PUNJABI,1380
KERALA,SANSKRIT,278
KERALA,SANTALI,114
KERALA,SINDHI,1251
KERALA,TAMIL,502516
KERALA,TELUGU,35380
KERALA,URDU,13122
KERALA,ADI,29
KERALA,AFGHANI/KABULI/PASHTO,12
KERALA,ANAL,1
KERALA,ANGAMI,3
KERALA,AO,5
KERALA,ARABIC/ARBI,240
KERALA,BHILI/BHILODI,3458
KERALA,BHOTIA,5
KERALA,COORGI/KODAGU,75
KERALA,ENGLISH,4471
KERALA,GARO,6
KERALA,GONDI,5
KERALA,HALABI,2
KERALA,HO,21
KERALA,KABUI,5
KERALA,KARBI/MIKIR,13
KERALA,KHANDESHI,1
KERALA,KHARIA,10
KERALA,KHASI,18
KERALA,KHOND/KONDH,331
KERALA,KINNAURI,1
KERALA,KISAN,1
KERALA,KOM,12
KERALA,KORKU,1
KERALA,KORWA,7
KERALA,KUI,16
KERALA,KUKI,17
KERALA,KURUKH/ORAON,56
KERALA,LADAKHI,16
KERALA,LAHAULI,4
KERALA,LAKHER,6
KERALA,LIANGMEI,3
KERALA,LOTHA,1
KERALA,LUSHAI/MIZO,21
KERALA,MALTO,74
KERALA,MAO,2
KERALA,MARAM,6
KERALA,MUNDA,20
KERALA,MUNDARI,25
KERALA,NISSI/DAFLA,8
KERALA,PAITE,6
KERALA,RABHA,14
KERALA,RAI,1
KERALA,RENGMA,2
KERALA,SAVARA,10
KERALA,SHINA,1
KERALA,TAMANG,2
KERALA,TANGSA,20
KERALA,THADO,7
KERALA,TIBETAN,7
KERALA,TRIPURI,13
KERALA,TULU,124266
KERALA,VAIPHEI,2
KERALA,WANCHO,1
KERALA,ZELIANG,1
KERALA,ZEMI,64
TAMIL NADU,ASSAMESE,2594
TAMIL NADU,BENGALI,22969
TAMIL NADU,BODO,67
TAMIL NADU,DOGRI,934
TAMIL NADU,GUJARATI,275023
TAMIL NADU,HINDI,393380
TAMIL NADU,KANNADA,1286175
TAMIL NADU,KASHMIRI,453
TAMIL NADU,KONKANI,6098
TAMIL NADU,MAITHILI,380
TAMIL NADU,MALAYALAM,726096
TAMIL NADU,MANIPURI,928
TAMIL NADU,MARATHI,85454
TAMIL NADU,NEPALI,7575
TAMIL NADU,ODIA,21381
TAMIL NADU,PUNJABI,6565
TAMIL NADU,SANSKRIT,803
TAMIL NADU,SANTALI,156
TAMIL NADU,SINDHI,8448
TAMIL NADU,TAMIL,63753997
TAMIL NADU,TELUGU,4234302
TAMIL NADU,URDU,1264537
TAMIL NADU,ADI,30
TAMIL NADU,AFGHANI/KABULI/PASHTO,14
TAMIL NADU,ANAL,1
TAMIL NADU,ANGAMI,27
TAMIL NADU,AO,6
TAMIL NADU,ARABIC/ARBI,1119
TAMIL NADU,BHILI/BHILODI,1405
TAMIL NADU,BHOTIA,10
TAMIL NADU,BHUMIJ,2
TAMIL NADU,CHAKRU/CHOKRI,5
TAMIL NADU,COORGI/KODAGU,179
TAMIL NADU,DIMASA,51
TAMIL NADU,ENGLISH,24495
TAMIL NADU,GADABA,4
TAMIL NADU,GANGTE,3
TAMIL NADU,GARO,12
TAMIL NADU,GONDI,290
TAMIL NADU,HALAM,5
TAMIL NADU,HMAR,5
TAMIL NADU,HO,12
TAMIL NADU,KABUI,4
TAMIL NADU,KARBI/MIKIR,2
TAMIL NADU,KHANDESHI,12
TAMIL NADU,KHARIA,18
TAMIL NADU,KHASI,114
TAMIL NADU,KHEZHA,5
TAMIL NADU,KHOND/KONDH,2
TAMIL NADU,KISAN,3
TAMIL NADU,KOCH,3
TAMIL NADU,KODA/KORA,8
TAMIL NADU,KOM,6
TAMIL NADU,KONDA,10
TAMIL NADU,KORKU,12
TAMIL NADU,KORWA,11
TAMIL NADU,KUI,4
TAMIL NADU,KUKI,32
TAMIL NADU,KURUKH/ORAON,817
TAMIL NADU,LADAKHI,15
TAMIL NADU,LAHAULI,44
TAMIL NADU,LAHNDA,18
TAMIL NADU,LAKHER,22
TAMIL NADU,LEPCHA,16
TAMIL NADU,LIMBU,1
TAMIL NADU,LOTHA,10
TAMIL NADU,LUSHAI/MIZO,120
TAMIL NADU,MALTO,3
TAMIL NADU,MAO,9
TAMIL NADU,MARAM,1
TAMIL NADU,MARING,2
TAMIL NADU,MISHMI,3
TAMIL NADU,MOGH,7
TAMIL NADU,MONPA,24
TAMIL NADU,MUNDA,130
TAMIL NADU,MUNDARI,39
TAMIL NADU,NICOBARESE,124
TAMIL NADU,NISSI/DAFLA,46
TAMIL NADU,PAITE,12
TAMIL NADU,PARJI,5
TAMIL NADU,POCHURY,15
TAMIL NADU,RABHA,1
TAMIL NADU,RENGMA,2
TAMIL NADU,SANGTAM,4
TAMIL NADU,SAVARA,57
TAMIL NADU,SEMA,34
TAMIL NADU,TANGKHUL,17
TAMIL NADU,TANGSA,1
TAMIL NADU,THADO,69
TAMIL NADU,TIBETAN,249
TAMIL NADU,TRIPURI,23
TAMIL NADU,TULU,2636
TAMIL NADU,VAIPHEI,7
TAMIL NADU,YIMCHUNGRE,1
TAMIL NADU,ZELIANG,4
TAMIL NADU,ZEMI,11
PUDUCHERRY,ASSAMESE,90
PUDUCHERRY,BENGALI,1509
PUDUCHERRY,BODO,4
PUDUCHERRY,DOGRI,8
PUDUCHERRY,GUJARATI,1428
PUDUCHERRY,HINDI,6403
PUDUCHERRY,KANNADA,1870
PUDUCHERRY,KASHMIRI,30
PUDUCHERRY,KONKANI,101
PUDUCHERRY,MAITHILI,14
PUDUCHERRY,MALAYALAM,47973
PUDUCHERRY,MANIPURI,21
PUDUCHERRY,MARATHI,890
PUDUCHERRY,NEPALI,431
PUDUCHERRY,ODIA,1910
PUDUCHERRY,PUNJABI,121
PUDUCHERRY,SANSKRIT,7
PUDUCHERRY,SINDHI,94
PUDUCHERRY,TAMIL,1100976
PUDUCHERRY,TELUGU,74347
PUDUCHERRY,URDU,8627
PUDUCHERRY,ADI,5
PUDUCHERRY,ARABIC/ARBI,49
PUDUCHERRY,BHOTIA,4
PUDUCHERRY,COORGI/KODAGU,4
PUDUCHERRY,ENGLISH,518
PUDUCHERRY,KHASI,6
PUDUCHERRY,KONYAK,1
PUDUCHERRY,KUKI,5
PUDUCHERRY,KURUKH/ORAON,12
PUDUCHERRY,LAHNDA,1
PUDUCHERRY,LUSHAI/MIZO,2
PUDUCHERRY,MARAM,2
PUDUCHERRY,MUNDA,16
PUDUCHERRY,MUNDARI,3
PUDUCHERRY,NISSI/DAFLA,4
PUDUCHERRY,SAVARA,8
PUDUCHERRY,TIBETAN,10
PUDUCHERRY,TULU,33
ANDAMAN & NICOBAR ISLANDS,ASSAMESE,115
ANDAMAN & NICOBAR ISLANDS,BENGALI,108432
ANDAMAN & NICOBAR ISLANDS,BODO,5
ANDAMAN & NICOBAR ISLANDS,DOGRI,67
ANDAMAN & NICOBAR ISLANDS,GUJARATI,241
ANDAMAN & NICOBAR ISLANDS,HINDI,73424
ANDAMAN & NICOBAR ISLANDS,KANNADA,239
ANDAMAN & NICOBAR ISLANDS,KASHMIRI,34
ANDAMAN & NICOBAR ISLANDS,KONKANI,99
ANDAMAN & NICOBAR ISLANDS,MAITHILI,134
ANDAMAN & NICOBAR ISLANDS,MALAYALAM,27475
ANDAMAN & NICOBAR ISLANDS,MANIPURI,43
ANDAMAN & NICOBAR ISLANDS,MARATHI,639
ANDAMAN & NICOBAR ISLANDS,NEPALI,949
ANDAMAN & NICOBAR ISLANDS,ODIA,1106
ANDAMAN & NICOBAR ISLANDS,PUNJABI,1565
ANDAMAN & NICOBAR ISLANDS,SANSKRIT,1
ANDAMAN & NICOBAR ISLANDS,SANTALI,307
ANDAMAN & NICOBAR ISLANDS,SINDHI,14
ANDAMAN & NICOBAR ISLANDS,TAMIL,57830
ANDAMAN & NICOBAR ISLANDS,TELUGU,50404
ANDAMAN & NICOBAR ISLANDS,URDU,1277
ANDAMAN & NICOBAR ISLANDS,ANGAMI,1
ANDAMAN & NICOBAR ISLANDS,ARABIC/ARBI,4
ANDAMAN & NICOBAR ISLANDS,BHILI/BHILODI,3
ANDAMAN & NICOBAR ISLANDS,BHOTIA,1
ANDAMAN & NICOBAR ISLANDS,BHUMIJ,378
ANDAMAN & NICOBAR ISLANDS,CHAKRU/CHOKRI,5
ANDAMAN & NICOBAR ISLANDS,COORGI/KODAGU,26
ANDAMAN & NICOBAR ISLANDS,DIMASA,2
ANDAMAN & NICOBAR ISLANDS,ENGLISH,69
ANDAMAN & NICOBAR ISLANDS,GARO,1
ANDAMAN & NICOBAR ISLANDS,GONDI,4
ANDAMAN & NICOBAR ISLANDS,HO,3
ANDAMAN & NICOBAR ISLANDS,KARBI/MIKIR,1
ANDAMAN & NICOBAR ISLANDS,KHARIA,4069
ANDAMAN & NICOBAR ISLANDS,KHASI,10
ANDAMAN & NICOBAR ISLANDS,KHOND/KONDH,1
ANDAMAN & NICOBAR ISLANDS,KISAN,1
ANDAMAN & NICOBAR ISLANDS,KORKU,1
ANDAMAN & NICOBAR ISLANDS,KUKI,5
ANDAMAN & NICOBAR ISLANDS,KURUKH/ORAON,15064
ANDAMAN & NICOBAR ISLANDS,LAKHER,1
ANDAMAN & NICOBAR ISLANDS,LEPCHA,1
ANDAMAN & NICOBAR ISLANDS,LOTHA,6
ANDAMAN & NICOBAR ISLANDS,LUSHAI/MIZO,11
ANDAMAN & NICOBAR ISLANDS,MAO,2
ANDAMAN & NICOBAR ISLANDS,MARING,1
ANDAMAN & NICOBAR ISLANDS,MUNDA,3797
ANDAMAN & NICOBAR ISLANDS,MUNDARI,833
ANDAMAN & NICOBAR ISLANDS,NICOBARESE,28912
ANDAMAN & NICOBAR ISLANDS,PAITE,1
ANDAMAN & NICOBAR ISLANDS,PHOM,2
ANDAMAN & NICOBAR ISLANDS,RAI,1
ANDAMAN & NICOBAR ISLANDS,SAVARA,9
ANDAMAN & NICOBAR ISLANDS,THADO,4
ANDAMAN & NICOBAR ISLANDS,TIBETAN,1
ANDAMAN & NICOBAR ISLANDS,TRIPURI,26
ANDAMAN & NICOBAR ISLANDS,VAIPHEI,5
ANDAMAN & NICOBAR ISLANDS,ZEMI,2
ANDAMAN & NICOBAR ISLANDS,ZOU,2
